nombre,marca,modelo,sku,categoria,condicion,estado,stock,stockMinimo,costoUSD,precioVentaBaseUSD
Accesorio Brazo para Microfono,,,ACCESORIO-BRAZO-PARA-MICROFONO,ACCESORIOS,nuevo,activo,6,1,0,0
Accesorio Capturadora de Video NZXT Signal,,,ACCESORIO-CAPTURADORA-DE-VIDEO-NZX,ACCESORIOS,nuevo,activo,0,1,0,0
Accesorio Capturadora de Video Redragon,,,ACCESORIO-CAPTURADORA-DE-VIDEO-RED,ACCESORIOS,nuevo,activo,0,1,0,0
Accesorio Consola de sonido Mixer Grande,,,ACCESORIO-CONSOLA-DE-SONIDO-MIXER-,ACCESORIOS,nuevo,activo,2,1,0,0
Accesorio Convertidor Bluthooth carro,,,ACCESORIO-CONVERTIDOR-BLUTHOOTH-CA,ACCESORIOS,nuevo,activo,0,1,0,0
Accesorio Dedales gamer,,,ACCESORIO-DEDALES-GAMER,ACCESORIOS,nuevo,activo,0,1,0,0
Accesorio Extension de puertos USB PCIe orico,,,ACCESORIO-EXTENSION-DE-PUERTOS-USB,ACCESORIOS,nuevo,activo,0,1,0,0
Accesorio Fire Stick 4K,,,ACCESORIO-FIRE-STICK-4K,ACCESORIOS,nuevo,activo,0,1,0,0
Accesorio Fire Stick Tv HD,,,ACCESORIO-FIRE-STICK-TV-HD,ACCESORIOS,nuevo,activo,3,1,0,0
"Accesorio Game Box Ps5 mini, juego",,,ACCESORIO-GAME-BOX-PS5-MINI-JUEGO,ACCESORIOS,nuevo,activo,2,1,0,0
Accesorio Hub 3 Puertos,,,ACCESORIO-HUB-3-PUERTOS,ACCESORIOS,nuevo,activo,9,1,0,0
Accesorio Hub 4 en 1 4k,,,ACCESORIO-HUB-4-EN-1-4K,ACCESORIOS,nuevo,activo,2,1,0,0
Accesorio Hub 7 Puertos,,,ACCESORIO-HUB-7-PUERTOS,ACCESORIOS,nuevo,activo,1,1,0,0
"Accesorio Hub 8 multipuertos, caja amarilla",,,ACCESORIO-HUB-8-MULTIPUERTOS-CAJA-,ACCESORIOS,nuevo,activo,0,1,0,0
Accesorio Hub fan cooler caja gris,,,ACCESORIO-HUB-FAN-COOLER-CAJA-GRIS,COOLING,nuevo,activo,0,1,0,0
Accesorio Hub fan cooler interno pc,,,ACCESORIO-HUB-FAN-COOLER-INTERNO-P,COOLING,nuevo,activo,0,1,0,0
Accesorio Kit de Destornilladores,,,ACCESORIO-KIT-DE-DESTORNILLADORES,ACCESORIOS,nuevo,activo,4,1,0,0
Accesorio Lector Macro SD,,,ACCESORIO-LECTOR-MACRO-SD,ACCESORIOS,nuevo,activo,3,1,0,0
Accesorio Lector Macro y Micro SD,,,ACCESORIO-LECTOR-MACRO-Y-MICRO-SD,ACCESORIOS,nuevo,activo,2,1,0,0
Accesorio Luces Led,,,ACCESORIO-LUCES-LED,ACCESORIOS,nuevo,activo,3,1,0,0
Accesorio Pantalla Streaming Redragon StreamCraf,,,ACCESORIO-PANTALLA-STREAMING-REDRA,ACCESORIOS,nuevo,activo,1,1,0,0
Accesorio Pilas 2032,,,ACCESORIO-PILAS-2032,ACCESORIOS,nuevo,activo,0,1,0,0
Accesorio Repetidor WIFI,,,ACCESORIO-REPETIDOR-WIFI,ACCESORIOS,nuevo,activo,0,1,0,0
Accesorio Reposa Mu�eca Redragon,,,ACCESORIO-REPOSA-MU-ECA-REDRAGON,ACCESORIOS,nuevo,activo,0,1,0,0
Accesorio Soporte para grafica,,,ACCESORIO-SOPORTE-PARA-GRAFICA,ACCESORIOS,nuevo,activo,3,1,0,0
Accesorio Spliter HDMI,,,ACCESORIO-SPLITER-HDMI,ACCESORIOS,nuevo,activo,0,1,0,0
Accesorio Switch Cudy 5 puertos gigabit,,,ACCESORIO-SWITCH-CUDY-5-PUERTOS-GI,ACCESORIOS,nuevo,activo,2,1,0,0
Accesorio Switch Cudy 8 puertos gigabit,,,ACCESORIO-SWITCH-CUDY-8-PUERTOS-GI,ACCESORIOS,nuevo,activo,0,1,0,0
Accesorio Switches HDMI,,,ACCESORIO-SWITCHES-HDMI,ACCESORIOS,nuevo,activo,0,1,0,0
Accesorio Tarjeta de Sonido blanca sencilla,,,ACCESORIO-TARJETA-DE-SONIDO-BLANCA,ACCESORIOS,nuevo,activo,3,1,0,0
Accesorio Tarjeta de Sonido bolsita transparente,,,ACCESORIO-TARJETA-DE-SONIDO-BOLSIT,ACCESORIOS,nuevo,activo,1,1,0,0
Accesorio Tarjeta de sonido negra,,,ACCESORIO-TARJETA-DE-SONIDO-NEGRA,ACCESORIOS,nuevo,activo,0,1,0,0
"Accesorio Tarjeta de sonido Sound Blaster, caja negra",,,ACCESORIO-TARJETA-DE-SONIDO-SOUND-,ACCESORIOS,nuevo,activo,0,1,0,0
Accesorio Thermalpads (67=0.5 / 21=1.0 / 21=1.5),,,ACCESORIO-THERMALPADS-67-0-5-21-1-,ACCESORIOS,nuevo,activo,0,1,0,0
Adaptador Bluethooth 5.0,,,ADAPTADOR-BLUETHOOTH-5-0,ACCESORIOS,nuevo,activo,0,1,0,0
Adaptador Bluethooth 5.3,,,ADAPTADOR-BLUETHOOTH-5-3,ACCESORIOS,nuevo,activo,6,1,0,0
Adaptador Bluetooth para carro,,,ADAPTADOR-BLUETOOTH-PARA-CARRO,ACCESORIOS,nuevo,activo,5,1,0,0
Adaptador DP - HDMI,,,ADAPTADOR-DP-HDMI,ACCESORIOS,nuevo,activo,15,1,0,0
Adaptador DP - VGA,,,ADAPTADOR-DP-VGA,ACCESORIOS,nuevo,activo,0,1,0,0
Adaptador DVI - HDMI peque�o,,,ADAPTADOR-DVI-HDMI-PEQUE-O,ACCESORIOS,nuevo,activo,4,1,0,0
Adaptador DVI - VGA,,,ADAPTADOR-DVI-VGA,ACCESORIOS,nuevo,activo,7,1,0,0
Adaptador DVI - VGA peque�o,,,ADAPTADOR-DVI-VGA-PEQUE-O,ACCESORIOS,nuevo,activo,0,1,0,0
"Adaptador ethernet - USB (Doble Banda), caja azul",,,ADAPTADOR-ETHERNET-USB-DOBLE-BANDA,ACCESORIOS,nuevo,activo,0,1,0,0
Adaptador HDMI - USB,,,ADAPTADOR-HDMI-USB,ACCESORIOS,nuevo,activo,0,1,0,0
Adaptador HDMI - VGA,,,ADAPTADOR-HDMI-VGA,ACCESORIOS,nuevo,activo,16,1,0,0
Adaptador HDMI- Tipo C laptop,,,ADAPTADOR-HDMI-TIPO-C-LAPTOP,ACCESORIOS,nuevo,activo,0,1,0,0
Adaptador Jack (1 a 2) cable Audio Y,,,ADAPTADOR-JACK-1-A-2-CABLE-AUDIO-Y,ACCESORIOS,nuevo,activo,11,1,0,0
Adaptador Jack (2 a 1) cable Audio Y,,,ADAPTADOR-JACK-2-A-1-CABLE-AUDIO-Y,ACCESORIOS,nuevo,activo,7,1,0,0
Adaptador RCA - Plug,,,ADAPTADOR-RCA-PLUG,ACCESORIOS,nuevo,activo,0,1,0,0
Adaptador Tipo C - HDMI,,,ADAPTADOR-TIPO-C-HDMI,ACCESORIOS,nuevo,activo,4,1,0,0
Adaptador Union de cable Lan,,,ADAPTADOR-UNION-DE-CABLE-LAN,ACCESORIOS,nuevo,activo,9,1,0,0
Adaptador USB C a HDMI/VGA,,,ADAPTADOR-USB-C-A-HDMI-VGA,ACCESORIOS,nuevo,activo,0,1,0,0
Adaptador VGA - HDMI (caja azul),,,ADAPTADOR-VGA-HDMI-CAJA-AZUL,ACCESORIOS,nuevo,activo,0,1,0,0
Adaptador VGA - HDMI (caja verde),,,ADAPTADOR-VGA-HDMI-CAJA-VERDE,ACCESORIOS,nuevo,activo,0,1,0,0
Almacenamiento externo 1 TB Kinspec,,,ALMACENAMIENTO-EXTERNO-1-TB-KINSPE,ALMACENAMIENTO,nuevo,activo,0,1,0,0
Almacenamiento externo HDD 1 TB Seagate,,,ALMACENAMIENTO-EXTERNO-HDD-1-TB-SE,HDD,nuevo,activo,0,1,0,0
Almacenamiento externo HDD 1 TB Toshiba,,,ALMACENAMIENTO-EXTERNO-HDD-1-TB-TO,HDD,nuevo,activo,0,1,0,0
Almacenamiento externo HDD 2 TB Seagate,,,ALMACENAMIENTO-EXTERNO-HDD-2-TB-SE,HDD,nuevo,activo,0,1,0,0
Almacenamiento externo HDD 2 TB Toshiba,,,ALMACENAMIENTO-EXTERNO-HDD-2-TB-TO,HDD,nuevo,activo,0,1,0,0
Almacenamiento externo SSD 1 TB Crucial 1050 mb,,,ALMACENAMIENTO-EXTERNO-SSD-1-TB-CR,SSD,nuevo,activo,0,1,0,0
Almacenamiento externo SSD 500 GB Adata,,,ALMACENAMIENTO-EXTERNO-SSD-500-GB-,SSD,nuevo,activo,0,1,0,0
Almacenamiento HDD 1 TB Refurb. WD Morado Gde.,,,ALMACENAMIENTO-HDD-1-TB-REFURB-WD-,HDD,refurbished,activo,0,1,0,0
Almacenamiento HDD 1 TB WD Azul,,,ALMACENAMIENTO-HDD-1-TB-WD-AZUL,HDD,nuevo,activo,0,1,0,0
Almacenamiento HDD 4 TB WD Morado Gde.,,,ALMACENAMIENTO-HDD-4-TB-WD-MORADO-,HDD,nuevo,activo,0,1,0,0
Almacenamiento HDD 500 GB Refurb. Laptop Hitachi,,,ALMACENAMIENTO-HDD-500-GB-REFURB-L,HDD,refurbished,activo,7,1,0,0
Almacenamiento HDD 500 GB Refurb. Laptop surtido,,,ALMACENAMIENTO-HDD-500-GB-REFURB-L-2,HDD,refurbished,activo,0,1,0,0
Almacenamiento HDD 500 GB Refurb. Seagate Gde.,,,ALMACENAMIENTO-HDD-500-GB-REFURB-S,HDD,refurbished,activo,6,1,0,0
Almacenamiento HDD 500 GB Refurb. Toshiba Gde.,,,ALMACENAMIENTO-HDD-500-GB-REFURB-T,HDD,refurbished,activo,5,1,0,0
Almacenamiento HDD 500 GB Refurb. WD nuevo azul.,,,ALMACENAMIENTO-HDD-500-GB-REFURB-W,HDD,refurbished,activo,3,1,0,0
Almacenamiento HDD 500 GB Refurb. WD azul,,,ALMACENAMIENTO-HDD-500-GB-REFURB-W-2,HDD,refurbished,activo,7,1,0,0
Almacenamiento Micro SD 128 GB TeamGroup,,,ALMACENAMIENTO-MICRO-SD-128-GB-TEA,ALMACENAMIENTO,nuevo,activo,5,1,0,0
Almacenamiento Micro SD 256 GB TeamGroup 4k,,,ALMACENAMIENTO-MICRO-SD-256-GB-TEA,ALMACENAMIENTO,nuevo,activo,2,1,0,0
Almacenamiento Micro SD 64 GB Patriot,,,ALMACENAMIENTO-MICRO-SD-64-GB-PATR,ALMACENAMIENTO,nuevo,activo,5,1,0,0
Almacenamiento Pendrive 16 GB kingston,,,ALMACENAMIENTO-PENDRIVE-16-GB-KING,ALMACENAMIENTO,nuevo,activo,9,1,0,0
Almacenamiento Pendrive 128 GB kingston,,,ALMACENAMIENTO-PENDRIVE-128-GB-KIN,ALMACENAMIENTO,nuevo,activo,4,1,0,0
Almacenamiento Pendrive 256 GB Sandisk,,,ALMACENAMIENTO-PENDRIVE-256-GB-SAN,ALMACENAMIENTO,nuevo,activo,2,1,0,0
Almacenamiento Pendrive 64 GB Kingston,,,ALMACENAMIENTO-PENDRIVE-64-GB-KING,ALMACENAMIENTO,nuevo,activo,0,1,0,0
Almacenamiento Pendrive 64 GB Teamgroup mini,,,ALMACENAMIENTO-PENDRIVE-64-GB-TEAM,ALMACENAMIENTO,nuevo,activo,2,1,0,0
Almacenamiento Pendrive 8 GB KINGSTON,,,ALMACENAMIENTO-PENDRIVE-8-GB-KINGS,ALMACENAMIENTO,nuevo,activo,7,1,0,0
Almacenamiento SSD 1 TB Crucial,,,ALMACENAMIENTO-SSD-1-TB-CRUCIAL,SSD,nuevo,activo,1,1,0,0
Almacenamiento SSD 1 TB Element,,,ALMACENAMIENTO-SSD-1-TB-ELEMENT,SSD,nuevo,activo,0,1,0,0
Almacenamiento SSD 1 TB Mushkin Element,,,ALMACENAMIENTO-SSD-1-TB-MUSHKIN-EL,SSD,nuevo,activo,2,1,0,0
Almacenamiento SSD 120 GB Kingston chino,,,ALMACENAMIENTO-SSD-120-GB-KINGSTON,SSD,nuevo,activo,0,1,0,0
Almacenamiento SSD 120 GB Patriot,,,ALMACENAMIENTO-SSD-120-GB-PATRIOT,SSD,nuevo,activo,0,1,0,0
Almacenamiento SSD 128 GB caja azul,,,ALMACENAMIENTO-SSD-128-GB-CAJA-AZU,SSD,nuevo,activo,0,1,0,0
Almacenamiento SSD 128 GB Hiksemi,,,ALMACENAMIENTO-SSD-128-GB-HIKSEMI,SSD,nuevo,activo,0,1,0,0
Almacenamiento SSD 240 GB Mushkin Element,,,ALMACENAMIENTO-SSD-240-GB-MUSHKIN-,SSD,nuevo,activo,4,1,0,0
Almacenamiento SSD 240 GB MSI,,,ALMACENAMIENTO-SSD-240-GB-MSI,SSD,nuevo,activo,0,1,0,0
Almacenamiento SSD 256 GB Hiksemi Hikvision,,,ALMACENAMIENTO-SSD-256-GB-HIKSEMI-,SSD,nuevo,activo,3,1,0,0
Almacenamiento SSD 256 GB Patriot,,,ALMACENAMIENTO-SSD-256-GB-PATRIOT,SSD,nuevo,activo,4,1,0,0
Almacenamiento SSD 480 GB Adata,,,ALMACENAMIENTO-SSD-480-GB-ADATA,SSD,nuevo,activo,6,1,0,0
Almacenamiento SSD 512 GB HIKSEMI,,,ALMACENAMIENTO-SSD-512-GB-HIKSEMI,SSD,nuevo,activo,2,1,0,0
Almacenamiento SSD 512 GB Patriot,,,ALMACENAMIENTO-SSD-512-GB-PATRIOT,SSD,nuevo,activo,0,1,0,0
Almacenamiento SSD 960 GB Kingston,,,ALMACENAMIENTO-SSD-960-GB-KINGSTON,SSD,nuevo,activo,0,1,0,0
Almacenamiento SSD 960 GB Lexar,,,ALMACENAMIENTO-SSD-960-GB-LEXAR,SSD,nuevo,activo,0,1,0,0
Almacenamiento SSD 960 GB Patriot,,,ALMACENAMIENTO-SSD-960-GB-PATRIOT,SSD,nuevo,activo,0,1,0,0
Almacenamiento SSD m.2 1 TB Kingston,,,ALMACENAMIENTO-SSD-M-2-1-TB-KINGST,SSD,nuevo,activo,0,1,0,0
Almacenamiento SSD m.2 1 TB MSI Spatium - 7000,,,ALMACENAMIENTO-SSD-M-2-1-TB-MSI-SP,SSD,nuevo,activo,0,1,0,0
Almacenamiento SSD m.2 1 TB Samsung evo plus,,,ALMACENAMIENTO-SSD-M-2-1-TB-SAMSUN,SSD,nuevo,activo,0,1,0,0
Almacenamiento SSD m.2 1 TB Teamgroup - 7400,,,ALMACENAMIENTO-SSD-M-2-1-TB-TEAMGR,SSD,nuevo,activo,0,1,0,0
Almacenamiento SSD m.2 128 GB (PEQ. SIN CAJA),,,ALMACENAMIENTO-SSD-M-2-128-GB-PEQ-,SSD,nuevo,activo,0,1,0,0
Almacenamiento SSD m.2 128 GB (SIN CAJA),,,ALMACENAMIENTO-SSD-M-2-128-GB-SIN-,SSD,nuevo,activo,0,1,0,0
Almacenamiento SSD m.2 128 GB Patriot - 2280,,,ALMACENAMIENTO-SSD-M-2-128-GB-PATR,SSD,nuevo,activo,3,1,0,0
Almacenamiento SSD m.2 960GB MSI,,,ALMACENAMIENTO-SSD-M-2-960GB-MSI,SSD,nuevo,activo,1,1,0,0
Almacenamiento SSD m.2 2 TB Patriot,,,ALMACENAMIENTO-SSD-M-2-2-TB-PATRIO,SSD,nuevo,activo,1,1,0,0
Almacenamiento SSD m.2 2 TB Samsung evo plus,,,ALMACENAMIENTO-SSD-M-2-2-TB-SAMSUN,SSD,nuevo,activo,0,1,0,0
Almacenamiento SSD m.2 250 GB kingston copia,,,ALMACENAMIENTO-SSD-M-2-250-GB-KING,SSD,nuevo,activo,0,1,0,0
Almacenamiento SSD m.2 256 GB 256GB HIKSEMI,,,ALMACENAMIENTO-SSD-M-2-256-GB-256G,SSD,nuevo,activo,9,1,0,0
Almacenamiento SSD m.2 500 GB MSI,,,ALMACENAMIENTO-SSD-M-2-500-GB-MSI,SSD,nuevo,activo,1,1,0,0
Almacenamiento SSD m.2 500 GB Kingston,,,ALMACENAMIENTO-SSD-M-2-500-GB-KING,SSD,nuevo,activo,0,1,0,0
Almacenamiento SSD m.2 512 GB T-FORCE,,,ALMACENAMIENTO-SSD-M-2-512-GB-T-FO,SSD,nuevo,activo,1,1,0,0
Almacenamiento SSD m.2 512 GB Patriot,,,ALMACENAMIENTO-SSD-M-2-512-GB-PATR,SSD,nuevo,activo,4,1,0,0
Almacenamiento SSD m.2 Sata 256 GB Timetec,,,ALMACENAMIENTO-SSD-M-2-SATA-256-GB,SSD,nuevo,activo,5,1,0,0
Antena Wifi 2.4 Ghz 300 mbs sencilla,,,ANTENA-WIFI-2-4-GHZ-300-MBS-SENCIL,ACCESORIOS,nuevo,activo,13,1,0,0
Antena Wifi Doble Banda 2.4 Ghz + 5Ghz,,,ANTENA-WIFI-DOBLE-BANDA-2-4-GHZ-5G,ACCESORIOS,nuevo,activo,0,1,0,0
Antena wifi PCIe Ac1200 + Bluethooth,,,ANTENA-WIFI-PCIE-AC1200-BLUETHOOTH,ACCESORIOS,nuevo,activo,0,1,0,0
Antena wifi PCIe Ax1800 + Bluethooth,,,ANTENA-WIFI-PCIE-AX1800-BLUETHOOTH,ACCESORIOS,nuevo,activo,0,1,0,0
Audifonos Bluethooth F9-5,,,AUDIFONOS-BLUETHOOTH-F9-5,AUDIFONOS,nuevo,activo,0,1,0,0
Audifonos Bluethooth JBL OWS,,,AUDIFONOS-BLUETHOOTH-JBL-OWS,AUDIFONOS,nuevo,activo,0,1,0,0
Audifonos Bluethooth M-10,,,AUDIFONOS-BLUETHOOTH-M-10,AUDIFONOS,nuevo,activo,1,1,0,0
"Audifonos Bluetooth JBL Bluetooth, caja naranja,Tiras",,,AUDIFONOS-BLUETOOTH-JBL-BLUETOOTH-,AUDIFONOS,nuevo,activo,6,1,0,0
Audifonos cable QKZ AK6,,,AUDIFONOS-CABLE-QKZ-AK6,AUDIFONOS,nuevo,activo,10,1,0,0
Audifonos cable QKZ ENZO PRO,,,AUDIFONOS-CABLE-QKZ-ENZO-PRO,AUDIFONOS,nuevo,activo,4,1,0,0
Audifonos cable QKZ AK6 pro,,,AUDIFONOS-CABLE-QKZ-AK6-PRO,AUDIFONOS,nuevo,activo,4,1,0,0
"Audifonos cable Samsung, caja negra",,,AUDIFONOS-CABLE-SAMSUNG-CAJA-NEGRA,AUDIFONOS,nuevo,activo,9,1,0,0
"Audifonos cable tipo C, caja blanca",,,AUDIFONOS-CABLE-TIPO-C-CAJA-BLANCA,AUDIFONOS,nuevo,activo,2,1,0,0
Audifonos Corsair HS55,,,AUDIFONOS-CORSAIR-HS55,AUDIFONOS,nuevo,activo,2,1,0,0
Audifonos Corsair Virtuoso RGB,,,AUDIFONOS-CORSAIR-VIRTUOSO-RGB,AUDIFONOS,nuevo,activo,2,1,0,0
Audifonos Corsair void Wirelles V2,,,AUDIFONOS-CORSAIR-VOID-WIRELLES-V2,AUDIFONOS,nuevo,activo,2,1,0,0
Audifonos Gamemax HG200,,,AUDIFONOS-GAMEMAX-HG200,AUDIFONOS,nuevo,activo,3,1,0,0
Audifonos Gamemax HG300,,,AUDIFONOS-GAMEMAX-HG300,AUDIFONOS,nuevo,activo,4,1,0,0
"Audifonos Genius, prueba tienda",,,AUDIFONOS-GENIUS-PRUEBA-TIENDA,AUDIFONOS,nuevo,activo,0,1,0,0
Audifonos HiperX Cloud,,,AUDIFONOS-HIPERX-CLOUD,AUDIFONOS,nuevo,activo,3,1,0,0
Audifonos HiperX Cloud II,,,AUDIFONOS-HIPERX-CLOUD-II,AUDIFONOS,nuevo,activo,1,1,0,0
Audifonos HiperX Cloud III,,,AUDIFONOS-HIPERX-CLOUD-III,AUDIFONOS,nuevo,activo,3,1,0,0
Audifonos JBL 200BT Casco Azul y Negro,,,AUDIFONOS-JBL-200BT-CASCO-AZUL-Y-N,AUDIFONOS,nuevo,activo,0,1,0,0
Audifonos Maono AUMH601,,,AUDIFONOS-MAONO-AUMH601,AUDIFONOS,nuevo,activo,2,1,0,0
Audifonos Onikuma k19,,,AUDIFONOS-ONIKUMA-K19,AUDIFONOS,nuevo,activo,0,1,0,0
Audifonos Onikuma x31,,,AUDIFONOS-ONIKUMA-X31,AUDIFONOS,nuevo,activo,5,1,0,0
Audifonos Onikuma T1,,,AUDIFONOS-ONIKUMA-T1,AUDIFONOS,nuevo,activo,3,1,0,0
Audifonos Onikuma gt805,,,AUDIFONOS-ONIKUMA-GT805,AUDIFONOS,nuevo,activo,2,1,0,0
Audifonos Razer Blackshark Hyperspedd wirelles,,,AUDIFONOS-RAZER-BLACKSHARK-HYPERSP,AUDIFONOS,nuevo,activo,2,1,0,0
Audifonos Razer Blackshark v2 X,,,AUDIFONOS-RAZER-BLACKSHARK-V2-X,AUDIFONOS,nuevo,activo,0,1,0,0
Audifonos Razer Kraken v3 X (2 + 1 exi),,,AUDIFONOS-RAZER-KRAKEN-V3-X-2-1-EX,AUDIFONOS,nuevo,activo,3,1,0,0
Audifonos Redragon Ares,,,AUDIFONOS-REDRAGON-ARES,AUDIFONOS,nuevo,activo,2,1,0,0
Audifonos Redragon Cronus,,,AUDIFONOS-REDRAGON-CRONUS,AUDIFONOS,nuevo,activo,7,1,0,0
Audifonos Redragon Cybill,,,AUDIFONOS-REDRAGON-CYBILL,AUDIFONOS,nuevo,activo,3,1,0,0
Audifonos Redragon Hylas,,,AUDIFONOS-REDRAGON-HYLAS,AUDIFONOS,nuevo,activo,3,1,0,0
Audifonos Redragon IrePro,,,AUDIFONOS-REDRAGON-IREPRO,AUDIFONOS,nuevo,activo,2,1,0,0
Audifonos Redragon Lamia II,,,AUDIFONOS-REDRAGON-LAMIA-II,AUDIFONOS,nuevo,activo,4,1,0,0
Audifonos Redragon Vibecore H610 **,,,AUDIFONOS-REDRAGON-VIBECORE-H610,AUDIFONOS,nuevo,activo,2,1,0,0
Audifonos Redragon Zeus X,,,AUDIFONOS-REDRAGON-ZEUS-X,AUDIFONOS,nuevo,activo,0,1,0,0
Audifonos Redragon ZeusPro,,,AUDIFONOS-REDRAGON-ZEUSPRO,AUDIFONOS,nuevo,activo,2,1,0,0
Audifonos Mchose v9,,,AUDIFONOS-MCHOSE-V9,AUDIFONOS,nuevo,activo,2,1,0,0
Audifono Mchose x9,,,AUDIFONO-MCHOSE-X9,AUDIFONOS,nuevo,activo,2,1,0,0
Audifonos T-wolf XY-212,,,AUDIFONOS-T-WOLF-XY-212,AUDIFONOS,nuevo,activo,0,1,0,0
"Base de Refrigeracion laptop 15.6""""",,,BASE-DE-REFRIGERACION-LAPTOP-15-6,COOLING,nuevo,activo,0,1,0,0
"Base de Refrigeraicon 14""""",,,BASE-DE-REFRIGERAICON-14,ACCESORIOS,nuevo,activo,0,1,0,0
Base para grafica palito,,,BASE-PARA-GRAFICA-PALITO,ACCESORIOS,nuevo,activo,0,1,0,0
Base para monitor Doble,,,BASE-PARA-MONITOR-DOBLE,ACCESORIOS,nuevo,activo,0,1,0,0
Base para monitor Fija caja marron cuadrada,,,BASE-PARA-MONITOR-FIJA-CAJA-MARRON,ACCESORIOS,nuevo,activo,0,1,0,0
Bolso Economico,,,BOLSO-ECONOMICO,ACCESORIOS,nuevo,activo,0,1,0,0
Bolso HP,,,BOLSO-HP,ACCESORIOS,nuevo,activo,0,1,0,0
Bolso Jemip,,,BOLSO-JEMIP,ACCESORIOS,nuevo,activo,0,1,0,0
Bolso Redragon,,,BOLSO-REDRAGON,ACCESORIOS,nuevo,activo,0,1,0,0
Cable USB-VGA,,,CABLE-USB-VGA,CABLES,nuevo,activo,4,1,0,0
Cable 6 pines a sata,,,CABLE-6-PINES-A-SATA,CABLES,nuevo,activo,0,1,0,0
Cable 8 pines a 2 molex,,,CABLE-8-PINES-A-2-MOLEX,CABLES,nuevo,activo,0,1,0,0
Cable Auxiliar,,,CABLE-AUXILIAR,CABLES,nuevo,activo,0,1,0,0
Cable de corriente,,,CABLE-DE-CORRIENTE,CABLES,nuevo,activo,0,1,0,0
Cable OTG-C-TIPO C,,,CABLE-OTG-C-TIPO-C,CABLES,nuevo,activo,7,1,0,0
Cable DP- DP,,,CABLE-DP-DP,CABLES,nuevo,activo,17,1,0,0
Cable DP- HDMI,,,CABLE-DP-HDMI,CABLES,nuevo,activo,0,1,0,0
Cable extension USB,,,CABLE-EXTENSION-USB,CABLES,nuevo,activo,6,1,0,0
Cable HDMI 4K 2K,,,CABLE-HDMI-4K-2K,CABLES,nuevo,activo,17,1,0,0
Cable HDMI - DVI,,,CABLE-HDMI-DVI,CABLES,nuevo,activo,0,1,0,0
Cable HDMI Mallado,,,CABLE-HDMI-MALLADO,CABLES,nuevo,activo,13,1,0,0
Cable HDMI Sencillo,,,CABLE-HDMI-SENCILLO,CABLES,nuevo,activo,14,1,0,0
Cable 3 en 1 HDTV,,,CABLE-3-EN-1-HDTV,CABLES,nuevo,activo,4,1,0,0
Cable Lan 1 metros Red,,,CABLE-LAN-1-METROS-RED,CABLES,nuevo,activo,29,1,0,0
Cable Lan 10 metros Red,,,CABLE-LAN-10-METROS-RED,CABLES,nuevo,activo,10,1,0,0
Cable Lan 5 metros Red,,,CABLE-LAN-5-METROS-RED,CABLES,nuevo,activo,16,1,0,0
Cable Ligthing - USB 3 metros,,,CABLE-LIGTHING-USB-3-METROS,CABLES,nuevo,activo,0,1,0,0
Cable Micro - USB 3 metros Cable normal,,,CABLE-MICRO-USB-3-METROS-CABLE-NOR,CABLES,nuevo,activo,0,1,0,0
"Cable Molex a Sata, 2 molex a 1 sata",,,CABLE-MOLEX-A-SATA-2-MOLEX-A-1-SAT,CABLES,nuevo,activo,0,1,0,0
Cable OTG - micro USB,,,CABLE-OTG-MICRO-USB,CABLES,nuevo,activo,0,1,0,0
Cable OTG - USB,,,CABLE-OTG-USB,CABLES,nuevo,activo,9,1,0,0
Cable para extension de fuente ASIANORSE,,,CABLE-PARA-EXTENSION-DE-FUENTE-ASI,CABLES,nuevo,activo,0,1,0,0
Cable Sata - usb,,,CABLE-SATA-USB,CABLES,nuevo,activo,9,1,0,0
"Cable sata a doble sata, corriente",,,CABLE-SATA-A-DOBLE-SATA-CORRIENTE,CABLES,nuevo,activo,0,1,0,0
Cable sata a molex,,,CABLE-SATA-A-MOLEX,CABLES,nuevo,activo,0,1,0,0
Cable Sata interno Pc,,,CABLE-SATA-INTERNO-PC,CABLES,nuevo,activo,0,1,0,0
Cable HDMI 4K 10 mtr,,,CABLE-HDMI-4K-10-MTR,CABLES,nuevo,activo,4,1,0,0
Cable tipo C - Tipo C 1 metro,,,CABLE-TIPO-C-TIPO-C-1-METRO,CABLES,nuevo,activo,0,1,0,0
Cable USB C - Xiomi,,,CABLE-USB-C-XIOMI,CABLES,nuevo,activo,3,1,0,0
Cable VGA,,,CABLE-VGA,CABLES,nuevo,activo,10,1,0,0
Camara Redragon Cyberleans 4K,,,CAMARA-REDRAGON-CYBERLEANS-4K,ACCESORIOS,nuevo,activo,2,1,0,0
Camara Redragon Fobos,,,CAMARA-REDRAGON-FOBOS,ACCESORIOS,nuevo,activo,1,1,0,0
Camara Redragon Hitman,,,CAMARA-REDRAGON-HITMAN,ACCESORIOS,nuevo,activo,2,1,0,0
Camara Tp-link Tapo,,,CAMARA-TP-LINK-TAPO,ACCESORIOS,nuevo,activo,0,1,0,0
Cargador Generico imexx,,,CARGADOR-GENERICO-IMEXX,ACCESORIOS,nuevo,activo,0,1,0,0
Cargador Laptop ACER punta Fina en caja,,,CARGADOR-LAPTOP-ACER-PUNTA-FINA-EN,ACCESORIOS,nuevo,activo,8,1,0,0
Cargador Laptop ASUS punta Fina en caja,,,CARGADOR-LAPTOP-ASUS-PUNTA-FINA-EN,ACCESORIOS,nuevo,activo,11,1,0,0
Cargador Laptop ASUS punta tipo C en caja,,,CARGADOR-LAPTOP-ASUS-PUNTA-TIPO-C-,ACCESORIOS,nuevo,activo,3,1,0,0
Cargador Laptop Dell punta gorda en caja,,,CARGADOR-LAPTOP-DELL-PUNTA-GORDA-E,ACCESORIOS,nuevo,activo,0,1,0,0
Cargador Laptop Dell punta gorda sin caja,,,CARGADOR-LAPTOP-DELL-PUNTA-GORDA-S,ACCESORIOS,nuevo,activo,0,1,0,0
Cargador Laptop Dell punta tipo C sin caja,,,CARGADOR-LAPTOP-DELL-PUNTA-TIPO-C-,ACCESORIOS,nuevo,activo,0,1,0,0
"Cargador Laptop HP punta azul, refurbished",,,CARGADOR-LAPTOP-HP-PUNTA-AZUL-REFU,ACCESORIOS,refurbished,activo,0,1,0,0
Cargador Laptop Lenovo punta cuadrada sin caja,,,CARGADOR-LAPTOP-LENOVO-PUNTA-CUADR,ACCESORIOS,nuevo,activo,0,1,0,0
Cargador Laptop Lenovo punta redonda Fina,,,CARGADOR-LAPTOP-LENOVO-PUNTA-REDON,ACCESORIOS,nuevo,activo,5,1,0,0
Cargador Xiaomi con cable 33W,,,CARGADOR-XIAOMI-CON-CABLE-33W,ACCESORIOS,nuevo,activo,7,1,0,0
Case Aerocool Scape,,,CASE-AEROCOOL-SCAPE,CASE,nuevo,activo,0,1,0,0
Case AST con fuente,,,CASE-AST-CON-FUENTE,CASE,nuevo,activo,2,1,0,0
Case AST GQ31,,,CASE-AST-GQ31,CASE,nuevo,activo,0,1,0,0
Case AST pecera,,,CASE-AST-PECERA,CASE,nuevo,activo,2,1,0,0
Case AST sin fuente,,,CASE-AST-SIN-FUENTE,CASE,nuevo,activo,0,1,0,0
Case Azza Luminous 110 Negro,,,CASE-AZZA-LUMINOUS-110-NEGRO,CASE,nuevo,activo,1,1,0,0
Case Cooler Master Box MB511 Negro,,,CASE-COOLER-MASTER-BOX-MB511-NEGRO,COOLING,nuevo,activo,1,1,0,0
Case Cooler Master Kayfa,,,CASE-COOLER-MASTER-KAYFA,COOLING,nuevo,activo,0,1,0,0
Case Cooler Master TD300 Black,,,CASE-COOLER-MASTER-TD300-BLACK,COOLING,nuevo,activo,0,1,0,0
Case Cooler Master TD300 White mesh,,,CASE-COOLER-MASTER-TD300-WHITE-MES,COOLING,nuevo,activo,1,1,0,0
Case Corsair 3000D,,,CASE-CORSAIR-3000D,CASE,nuevo,activo,1,1,0,0
Case Gamemax Aero,,,CASE-GAMEMAX-AERO,CASE,nuevo,activo,2,1,0,0
Case Gamemax Black Diamond,,,CASE-GAMEMAX-BLACK-DIAMOND,CASE,nuevo,activo,1,1,0,0
Case Gamemax Black Hole,,,CASE-GAMEMAX-BLACK-HOLE,CASE,nuevo,activo,1,1,0,0
Case jenip super nova blanco,,,CASE-JENIP-SUPER-NOVA-BLANCO,CASE,nuevo,activo,2,1,0,0
Case Jenip nebula black 1.5,,,CASE-JENIP-NEBULA-BLACK-1-5,CASE,nuevo,activo,2,1,0,0
Case jenip clarity black,,,CASE-JENIP-CLARITY-BLACK,CASE,nuevo,activo,2,1,0,0
Case Gamemax Infinity,,,CASE-GAMEMAX-INFINITY,CASE,nuevo,activo,1,1,0,0
Case Gamemax Nova N2,,,CASE-GAMEMAX-NOVA-N2,CASE,nuevo,activo,0,1,0,0
Case Gamemax Nova N6,,,CASE-GAMEMAX-NOVA-N6,CASE,nuevo,activo,0,1,0,0
Case Gamemax Nova N80,,,CASE-GAMEMAX-NOVA-N80,CASE,nuevo,activo,0,1,0,0
Case Gamemax silent Titan 2,,,CASE-GAMEMAX-SILENT-TITAN-2,CASE,nuevo,activo,1,1,0,0
Case Gamemax Vista AB,,,CASE-GAMEMAX-VISTA-AB,CASE,nuevo,activo,0,1,0,0
Case Gamemax Vista AW Blanco,,,CASE-GAMEMAX-VISTA-AW-BLANCO,CASE,nuevo,activo,2,1,0,0
Case Gamemax Vista COC AW Blanco,,,CASE-GAMEMAX-VISTA-COC-AW-BLANCO,CASE,nuevo,activo,1,1,0,0
Case Gamemax white Diamond,,,CASE-GAMEMAX-WHITE-DIAMOND,CASE,nuevo,activo,0,1,0,0
Case Spectra Blanco,,,CASE-SPECTRA-BLANCO,CASE,nuevo,activo,0,1,0,0
Case tesseract pro con pantalla,,,CASE-TESSERACT-PRO-CON-PANTALLA,CASE,nuevo,activo,0,1,0,0
Case thermaltake Core V1 - cuadrado TIENDA,,,CASE-THERMALTAKE-CORE-V1-CUADRADO-,CASE,nuevo,activo,0,1,0,0
Case Ucing Blanco X-2 chino,,,CASE-UCING-BLANCO-X-2-CHINO,CASE,nuevo,activo,0,1,0,0
Case XPG Starker,,,CASE-XPG-STARKER,CASE,nuevo,activo,1,1,0,0
Case Zalman T7,,,CASE-ZALMAN-T7,CASE,nuevo,activo,0,1,0,0
Control Fire Tv Stick,,,CONTROL-FIRE-TV-STICK,CONTROL,nuevo,activo,8,1,0,0
Control Gamesir Kaleid,,,CONTROL-GAMESIR-KALEID,CONTROL,nuevo,activo,0,1,0,0
Control Play 2,,,CONTROL-PLAY-2,CONTROL,nuevo,activo,1,1,0,0
Control Play 3,,,CONTROL-PLAY-3,CONTROL,nuevo,activo,1,1,0,0
Control Play 4,,,CONTROL-PLAY-4,CONTROL,nuevo,activo,7,1,0,0
Control Play 5,,,CONTROL-PLAY-5,CONTROL,nuevo,activo,6,1,0,0
Control Power A Xbox,,,CONTROL-POWER-A-XBOX,CONTROL,nuevo,activo,3,1,0,0
Control Redragon Forge G711,,,CONTROL-REDRAGON-FORGE-G711,CONTROL,nuevo,activo,0,1,0,0
Control Redragon Harrow,,,CONTROL-REDRAGON-HARROW,CONTROL,nuevo,activo,3,1,0,0
Control Redragon Harrow Pro (2 revision),,,CONTROL-REDRAGON-HARROW-PRO-2-REVI,CONTROL,nuevo,activo,3,1,0,0
Control Redragon Rift G710,,,CONTROL-REDRAGON-RIFT-G710,CONTROL,nuevo,activo,3,1,0,0
Control Redragon Sarturn,,,CONTROL-REDRAGON-SARTURN,CONTROL,nuevo,activo,0,1,0,0
Control Xbox 360,,,CONTROL-XBOX-360,CONTROL,nuevo,activo,1,1,0,0
Control Xbox Inalambrico ORIGINAL,,,CONTROL-XBOX-INALAMBRICO-ORIGINAL,CONTROL,nuevo,activo,6,1,0,0
Control Xbox PDP,,,CONTROL-XBOX-PDP,CONTROL,nuevo,activo,3,1,0,0
Corneta economica Astron,,,CORNETA-ECONOMICA-ASTRON,ACCESORIOS,nuevo,activo,0,1,0,0
Corneta Genius 2.1 Bluetooth,,,CORNETA-GENIUS-2-1-BLUETOOTH,ACCESORIOS,nuevo,activo,0,1,0,0
Corneta Redragon Darknets,,,CORNETA-REDRAGON-DARKNETS,ACCESORIOS,nuevo,activo,0,1,0,0
Corneta Redragon Gaming Sound Bar,,,CORNETA-REDRAGON-GAMING-SOUND-BAR,ACCESORIOS,nuevo,activo,0,1,0,0
Corneta T-wolf A60,,,CORNETA-T-WOLF-A60,ACCESORIOS,nuevo,activo,0,1,0,0
Corneta T-Wolf S4 (Barra de Sonido),,,CORNETA-T-WOLF-S4-BARRA-DE-SONIDO,ACCESORIOS,nuevo,activo,3,1,0,0
Corneta T-Wolf S7,,,CORNETA-T-WOLF-S7,ACCESORIOS,nuevo,activo,1,1,0,0
Disipador AST,,,DISIPADOR-AST,COOLING,nuevo,activo,3,1,0,0
Disipador de Torre A02 Chino,,,DISIPADOR-DE-TORRE-A02-CHINO,COOLING,nuevo,activo,2,1,0,0
Disipador de Torre A02 Pro Chino,,,DISIPADOR-DE-TORRE-A02-PRO-CHINO,COOLING,nuevo,activo,6,1,0,0
Disipador de Torre A06 rgb chino,,,DISIPADOR-DE-TORRE-A06-RGB-CHINO,COOLING,nuevo,activo,2,1,0,0
Disipador intel,,,DISIPADOR-INTEL,COOLING,nuevo,activo,18,1,0,0
Disipador AMD CAJA NEGRA,,,DISIPADOR-AMD-CAJA-NEGRA,COOLING,nuevo,activo,3,1,0,0
Disipador Master Titan 01B,,,DISIPADOR-MASTER-TITAN-01B,COOLING,nuevo,activo,4,1,0,0
Disipador HYPER 212 spectrum v3,,,DISIPADOR-HYPER-212-SPECTRUM-V3,COOLING,nuevo,activo,2,1,0,0
Enclousure cady Interno,,,ENCLOUSURE-CADY-INTERNO,ACCESORIOS,nuevo,activo,0,1,0,0
Enclousure HDD Grande,,,ENCLOUSURE-HDD-GRANDE,ACCESORIOS,nuevo,activo,3,1,0,0
Enclousure m.2 Nvme Orico,,,ENCLOUSURE-M-2-NVME-ORICO,ACCESORIOS,nuevo,activo,2,1,0,0
Enclousure SSD chino,,,ENCLOUSURE-SSD-CHINO,ACCESORIOS,nuevo,activo,0,1,0,0
Enclousure SSD UP,,,ENCLOUSURE-SSD-UP,ACCESORIOS,nuevo,activo,4,1,0,0
Equipo PC Nueva i5 4ta. Grande,,,EQUIPO-PC-NUEVA-I5-4TA-GRANDE,EQUIPO,nuevo,activo,1,1,0,0
Equipo PC Nueva Ryzen 3 3200G - 8-256,,,EQUIPO-PC-NUEVA-RYZEN-3-3200G-8-25,EQUIPO,nuevo,activo,0,1,0,0
Equipo PC Refurbished Dell i3 - 2da.,,,EQUIPO-PC-REFURBISHED-DELL-I3-2DA,EQUIPO,refurbished,activo,1,1,0,0
Equipo PC Refurbished Dell i3 - 3era.,,,EQUIPO-PC-REFURBISHED-DELL-I3-3ERA,EQUIPO,refurbished,activo,0,1,0,0
Equipo PC Refurbished Dell i5 - 3era.,,,EQUIPO-PC-REFURBISHED-DELL-I5-3ERA,EQUIPO,refurbished,activo,5,1,0,0
Equipo PC Refurbished Dell i5 - 4ta. 8 Gb,,,EQUIPO-PC-REFURBISHED-DELL-I5-4TA-,EQUIPO,refurbished,activo,5,1,0,0
Equipo PC Refurbished Dell i5 - 6ta.,,,EQUIPO-PC-REFURBISHED-DELL-I5-6TA,EQUIPO,refurbished,activo,1,1,0,0
Equipo PC Refurbished Dell i5 - 7ma. 4Gb,,,EQUIPO-PC-REFURBISHED-DELL-I5-7MA-,EQUIPO,refurbished,activo,0,1,0,0
Equipo PC Refurbished Dell i5 7ma 8Gb,,,EQUIPO-PC-REFURBISHED-DELL-I5-7MA--2,EQUIPO,refurbished,activo,3,1,0,0
Equipo PC Refurbished Dell i7 - 3era,,,EQUIPO-PC-REFURBISHED-DELL-I7-3ERA,EQUIPO,refurbished,activo,0,1,0,0
Equipo PC Refurbished Dell i7 - 6ta,,,EQUIPO-PC-REFURBISHED-DELL-I7-6TA,EQUIPO,refurbished,activo,2,1,0,0
Equipo PC Refurbished HP i3 - 6ta.8 Gb,,,EQUIPO-PC-REFURBISHED-HP-I3-6TA-8-,EQUIPO,refurbished,activo,1,1,0,0
Equipo PC Refurbished Lenovo i5 - 6ta.,,,EQUIPO-PC-REFURBISHED-LENOVO-I5-6T,EQUIPO,refurbished,activo,1,1,0,0
Equipo PC Refurbished Lenovo i5 - 7ma.,,,EQUIPO-PC-REFURBISHED-LENOVO-I5-7M,EQUIPO,refurbished,activo,0,1,0,0
Equipo Todo en Uno MSI Tactil AP162,,,EQUIPO-TODO-EN-UNO-MSI-TACTIL-AP16,EQUIPO,nuevo,activo,0,1,0,0
Equipo Todo en Uno Surtida hp y (1 da�ada dell),,,EQUIPO-TODO-EN-UNO-SURTIDA-HP-Y-1-,EQUIPO,nuevo,activo,0,1,0,0
Escritorio Gaming,,,ESCRITORIO-GAMING,ESCRITORIO,nuevo,activo,0,1,0,0
Fan cooler 3 in 1 medusa,,,FAN-COOLER-3-IN-1-MEDUSA,COOLING,nuevo,activo,1,1,0,0
Fan cooler 3 in 1 arcane,,,FAN-COOLER-3-IN-1-ARCANE,COOLING,nuevo,activo,1,1,0,0
Fan cooler 3 in 1 rage,,,FAN-COOLER-3-IN-1-RAGE,COOLING,nuevo,activo,1,1,0,0
Fan aerocool Frost 12,,,FAN-AEROCOOL-FROST-12,COOLING,nuevo,activo,1,1,0,0
Fan aerocool Jemip Negro,,,FAN-AEROCOOL-JEMIP-NEGRO,COOLING,nuevo,activo,0,1,0,0
Fan Cooler inplay - raimbow,,,FAN-COOLER-INPLAY-RAIMBOW,COOLING,nuevo,activo,5,1,0,0
Fan Cooler Kit 3 en 1 One,,,FAN-COOLER-KIT-3-EN-1-ONE,COOLING,nuevo,activo,4,1,0,0
Fan Cooler Kit 4 en 1 Gamemax,,,FAN-COOLER-KIT-4-EN-1-GAMEMAX,COOLING,nuevo,activo,0,1,0,0
Fan Cooler ICE WHALE caja negra,,,FAN-COOLER-ICE-WHALE-CAJA-NEGRA,COOLING,nuevo,activo,3,1,0,0
Fan cooler X1-Case Fan (caja amarillo con negro),,,FAN-COOLER-X1-CASE-FAN-CAJA-AMARIL,COOLING,nuevo,activo,5,1,0,0
FanCooler Grafica,,,FANCOOLER-GRAFICA,COOLING,nuevo,activo,0,1,0,0
Fuente Certificada 1000 Rosewill CMG G5,,,FUENTE-CERTIFICADA-1000-ROSEWILL-C,PSU,nuevo,activo,0,1,0,0
Fuente Certificada 1000 W MSI MAC a1000 gs PCIe,,,FUENTE-CERTIFICADA-1000-W-MSI-MAC-,PSU,nuevo,activo,0,1,0,0
Fuente Certificada 1250 W Gamemax Rampage,,,FUENTE-CERTIFICADA-1250-W-GAMEMAX-,PSU,nuevo,activo,1,1,0,0
Fuente Certificada 500 W Mlogis,,,FUENTE-CERTIFICADA-500-W-MLOGIS,PSU,nuevo,activo,2,1,0,0
Fuente Certificada 600 W Mlogis,,,FUENTE-CERTIFICADA-600-W-MLOGIS,PSU,nuevo,activo,2,1,0,0
Fuente Certificada 600 W MSI,,,FUENTE-CERTIFICADA-600-W-MSI,PSU,nuevo,activo,0,1,0,0
Fuente Certificada 650 W MSI A650 BN,,,FUENTE-CERTIFICADA-650-W-MSI-A650-,PSU,nuevo,activo,1,1,0,0
Fuente Certificada 650 W Thermaltake,,,FUENTE-CERTIFICADA-650-W-THERMALTA,PSU,nuevo,activo,1,1,0,0
Fuente Certificada 650 W Thermaltake smart bm3,,,FUENTE-CERTIFICADA-650-W-THERMALTA-2,PSU,nuevo,activo,0,1,0,0
Fuente certificada 700W Gamemax VPRGBmodular,,,FUENTE-CERTIFICADA-700W-GAMEMAX-VP,PSU,nuevo,activo,1,1,0,0
Fuente certificada 700W VP SERIES,,,FUENTE-CERTIFICADA-700W-VP-SERIES,PSU,nuevo,activo,1,1,0,0
Fuente certificada 700W Gamemax Blanca RGB,,,FUENTE-CERTIFICADA-700W-GAMEMAX-BL,PSU,nuevo,activo,0,1,0,0
Fuente certificada 700W Gamemax GM,,,FUENTE-CERTIFICADA-700W-GAMEMAX-GM,PSU,nuevo,activo,1,1,0,0
Fuente Certificada 750 W Corsair cx,,,FUENTE-CERTIFICADA-750-W-CORSAIR-C,PSU,nuevo,activo,3,1,0,0
Fuente Certificada 750W Mlogis,,,FUENTE-CERTIFICADA-750W-MLOGIS,PSU,nuevo,activo,3,1,0,0
Fuente Certificada 800W Gamemax,,,FUENTE-CERTIFICADA-800W-GAMEMAX,PSU,nuevo,activo,0,1,0,0
Fuente Certificada 850W Gamemax,,,FUENTE-CERTIFICADA-850W-GAMEMAX,PSU,nuevo,activo,1,1,0,0
Fuente Generica 650 W Wind Ice,,,FUENTE-GENERICA-650-W-WIND-ICE,PSU,nuevo,activo,5,1,0,0
Fuente Generica One 650W,,,FUENTE-GENERICA-ONE-650W,PSU,nuevo,activo,2,1,0,0
"Funda para laptop 14"""" colores ",,,FUNDA-PARA-LAPTOP-14-COLORES,ACCESORIOS,nuevo,activo,0,1,0,0
"Funda para laptop 14""""HP Reversible",,,FUNDA-PARA-LAPTOP-14-HP-REVERSIBLE,ACCESORIOS,nuevo,activo,0,1,0,0
"Funda para laptop 15.6"""" colores",,,FUNDA-PARA-LAPTOP-15-6-COLORES,ACCESORIOS,nuevo,activo,0,1,0,0
"Funda para laptop 16""""",,,FUNDA-PARA-LAPTOP-16,ACCESORIOS,nuevo,activo,0,1,0,0
Funda para laptop Negro Uproducts,,,FUNDA-PARA-LAPTOP-NEGRO-UPRODUCTS,ACCESORIOS,nuevo,activo,0,1,0,0
Grafica A310 - 4 GB Intel Arc - Asrock,,,GRAFICA-A310-4-GB-INTEL-ARC-ASROCK,GPU,nuevo,activo,0,1,0,0
Grafica GT 730 - 2 GB AMD,,,GRAFICA-GT-730-2-GB-AMD,GPU,nuevo,activo,0,1,0,0
Grafica GTX 1050 - 8GB- Zotac,,,GRAFICA-GTX-1050-8GB-ZOTAC,GPU,nuevo,activo,0,1,0,0
Grafica GTX 1070 Ti - 8GB- ASUS,,,GRAFICA-GTX-1070-TI-8GB-ASUS,GPU,nuevo,activo,1,1,0,0
Grafica GTX 750 TI - 4 GB - Arteck,,,GRAFICA-GTX-750-TI-4-GB-ARTECK,GPU,nuevo,activo,1,1,0,0
Grafica R5 430 - 1 GB AMD,,,GRAFICA-R5-430-1-GB-AMD,GPU,nuevo,activo,2,1,0,0
Grafica R5 430 - 2 GB AMD,,,GRAFICA-R5-430-2-GB-AMD,GPU,nuevo,activo,4,1,0,0
Grafica RX 550 - 4 GB- RADEON,,,GRAFICA-RX-550-4-GB-RADEON,GPU,nuevo,activo,2,1,0,0
Grafica RTX 2070 SUPER EVGA 8GB,,,GRAFICA-RTX-2070-SUPER-EVGA-8GB,GPU,nuevo,activo,1,1,0,0
Grafica RTX 5060 ZOTAC 8 GB,,,GRAFICA-RTX-5060-ZOTAC-8-GB,GPU,nuevo,activo,1,1,0,0
Grafica RTX 2060 - 6 GB Geforce Zotac,,,GRAFICA-RTX-2060-6-GB-GEFORCE-ZOTA,GPU,nuevo,activo,0,1,0,0
Grafica RTX 2060 - 6 GB MSI Ventus Geforce,,,GRAFICA-RTX-2060-6-GB-MSI-VENTUS-G,GPU,nuevo,activo,0,1,0,0
Grafica RTX 2060 Super - 8 GB EVGA Geforce,,,GRAFICA-RTX-2060-SUPER-8-GB-EVGA-G,GPU,nuevo,activo,0,1,0,0
Grafica RTX 2070 Super- MSI,,,GRAFICA-RTX-2070-SUPER-MSI,GPU,nuevo,activo,0,1,0,0
Grafica RTX 3050 - 6 GB - MSI Ventus 2X,,,GRAFICA-RTX-3050-6-GB-MSI-VENTUS-2,GPU,nuevo,activo,1,1,0,0
Grafica INTEL A310 - 4GB,,,GRAFICA-INTEL-A310-4GB,GPU,nuevo,activo,1,1,0,0
Grafica RTX 3060 - 12 GB MSI Ventus 2X,,,GRAFICA-RTX-3060-12-GB-MSI-VENTUS-,GPU,nuevo,activo,0,1,0,0
Grafica RTX 5050 - 8 Gb - Asus,,,GRAFICA-RTX-5050-8-GB-ASUS,GPU,nuevo,activo,0,1,0,0
Grafica RTX 5060 - 8 GB- Msi Shadow,,,GRAFICA-RTX-5060-8-GB-MSI-SHADOW,GPU,nuevo,activo,0,1,0,0
Grafica RTX 5060 - 8 GbB - Zota Gaming AMP,,,GRAFICA-RTX-5060-8-GBB-ZOTA-GAMING,GPU,nuevo,activo,0,1,0,0
Grafica RTX 5500 8 GB AFOX,,,GRAFICA-RTX-5500-8-GB-AFOX,GPU,nuevo,activo,1,1,0,0
Grafica RTX 5060 Ti - MSI,,,GRAFICA-RTX-5060-TI-MSI,GPU,nuevo,activo,1,1,0,0
Grafica RTX 5070 - 12 Gb - Asus Prime,,,GRAFICA-RTX-5070-12-GB-ASUS-PRIME,GPU,nuevo,activo,0,1,0,0
Grafica RX 470 - 4GB Aisurux,,,GRAFICA-RX-470-4GB-AISURUX,GPU,nuevo,activo,0,1,0,0
Grafica RX 550 - 8 GB ARTECK,,,GRAFICA-RX-550-8-GB-ARTECK,GPU,nuevo,activo,1,1,0,0
Grafica RX 580 - 8GB - JENIP,,,GRAFICA-RX-580-8GB-JENIP,GPU,nuevo,activo,1,1,0,0
Grafica RX 580 - 4gb - safiri,,,GRAFICA-RX-580-4GB-SAFIRI,GPU,nuevo,activo,0,1,0,0
Grafica RX 6600XT- 8 GB -XFX,,,GRAFICA-RX-6600XT-8-GB-XFX,GPU,nuevo,activo,0,1,0,0
Grafica RX 6700 XT - 12 GB MSI,,,GRAFICA-RX-6700-XT-12-GB-MSI,GPU,nuevo,activo,0,1,0,0
Grafica RX 9060 XT - 16 GB ASUS AMD,,,GRAFICA-RX-9060-XT-16-GB-ASUS-AMD,GPU,nuevo,activo,0,1,0,0
Grafica RX 9060 XT - 8 GB XFX,,,GRAFICA-RX-9060-XT-8-GB-XFX,GPU,nuevo,activo,1,1,0,0
Grafica RX 9070 XT - 16 GB - Asrock,,,GRAFICA-RX-9070-XT-16-GB-ASROCK,GPU,nuevo,activo,1,1,0,0
Grafica RX Vega 64 - 8 GB - XFX -XFX,,,GRAFICA-RX-VEGA-64-8-GB-XFX-XFX,GPU,nuevo,activo,1,1,0,0
Impresora Canon G1130,,,IMPRESORA-CANON-G1130,IMPRESORA,nuevo,activo,2,1,0,0
Impresora canon G3180,,,IMPRESORA-CANON-G3180,IMPRESORA,nuevo,activo,2,1,0,0
Impresora Epson L3250,,,IMPRESORA-EPSON-L3250,IMPRESORA,nuevo,activo,2,1,0,0
Laptop nueva Acer i5-13va. 8-256,,,LAPTOP-NUEVA-ACER-I5-13VA-8-256,LAPTOP,nuevo,activo,1,1,0,0
Laptop nueva Acer RYZEN 5 7000 8-256,,,LAPTOP-NUEVA-ACER-RYZEN-5-7000-8-2,LAPTOP,nuevo,activo,1,1,0,0
Laptop nueva Acer i5-13va/16/512 + RTX 4050,,,LAPTOP-NUEVA-ACER-I5-13VA-16-512-R,LAPTOP,nuevo,activo,1,1,0,0
Laptop nueva Asus i3 13va. 8-128,,,LAPTOP-NUEVA-ASUS-I3-13VA-8-128,LAPTOP,nuevo,activo,1,1,0,0
Laptop nueva Asus i3 N305,,,LAPTOP-NUEVA-ASUS-I3-N305,LAPTOP,nuevo,activo,0,1,0,0
Laptop nueva Asus i7-13va. 16-512,,,LAPTOP-NUEVA-ASUS-I7-13VA-16-512,LAPTOP,nuevo,activo,0,1,0,0
Laptop nueva Asus Ryzen 3 / 8 /128,,,LAPTOP-NUEVA-ASUS-RYZEN-3-8-128,LAPTOP,nuevo,activo,0,1,0,0
Laptop nueva Asus Tuf Ryzen 5/16/512 + RTX 2050,,,LAPTOP-NUEVA-ASUS-TUF-RYZEN-5-16-5,LAPTOP,nuevo,activo,0,1,0,0
Laptop nueva Asus Tuf Ryzen 5/16/512 + RTX 4060,,,LAPTOP-NUEVA-ASUS-TUF-RYZEN-5-16-5-2,LAPTOP,nuevo,activo,0,1,0,0
Laptop nueva Compag ryzen 3 16-256,,,LAPTOP-NUEVA-COMPAG-RYZEN-3-16-256,LAPTOP,nuevo,activo,1,1,0,0
Laptop nueva Compag Ryzen 7 5825U / 16 -512,,,LAPTOP-NUEVA-COMPAG-RYZEN-7-5825U-,LAPTOP,nuevo,activo,2,1,0,0
"Laptop nueva HP Core ultra 7- 16""""-16gb - 1 tb",,,LAPTOP-NUEVA-HP-CORE-ULTRA-7-16-16,LAPTOP,nuevo,activo,0,1,0,0
Laptop Nueva HP intel core 7 ultra / 16 -512 tactil,,,LAPTOP-NUEVA-HP-INTEL-CORE-7-ULTRA,LAPTOP,nuevo,activo,1,1,0,0
Laptop Nueva HP intel core 7 ultra /16/1tb,,,LAPTOP-NUEVA-HP-INTEL-CORE-7-ULTRA-2,LAPTOP,nuevo,activo,0,1,0,0
Laptop nueva HP N150 8 /128,,,LAPTOP-NUEVA-HP-N150-8-128,LAPTOP,nuevo,activo,2,1,0,0
Laptop nueva HP N150 8 /256,,,LAPTOP-NUEVA-HP-N150-8-256,LAPTOP,nuevo,activo,0,1,0,0
Laptop nueva HP Ryzen 5-7520 / 8-256,,,LAPTOP-NUEVA-HP-RYZEN-5-7520-8-256,LAPTOP,nuevo,activo,2,1,0,0
Laptop Nueva HP Ryzen 3 -8-128,,,LAPTOP-NUEVA-HP-RYZEN-3-8-128,LAPTOP,nuevo,activo,2,1,0,0
Laptop nueva HP victus i5-13va. /8/512 + RTX 3050,,,LAPTOP-NUEVA-HP-VICTUS-I5-13VA-8-5,LAPTOP,nuevo,activo,2,1,0,0
Laptop nueva HP victus Ryzen 5 /16/512 + RX 6650,,,LAPTOP-NUEVA-HP-VICTUS-RYZEN-5-16-,LAPTOP,nuevo,activo,0,1,0,0
Laptop nueva Jemip Celeron N4020 8/256,,,LAPTOP-NUEVA-JEMIP-CELERON-N4020-8,LAPTOP,nuevo,activo,2,1,0,0
Laptop nueva Lenovo i7 13620H 8/256,,,LAPTOP-NUEVA-LENOVO-I7-13620H-8-25,LAPTOP,nuevo,activo,0,1,0,0
Laptop nueva Lenovo i5 13450HX 16/1TB,,,LAPTOP-NUEVA-LENOVO-I5-13450HX-16-,LAPTOP,nuevo,activo,1,1,0,0
"Laptop nueva Lenovo Amd Athlon 3050 - 8-128 15.6""""",,,LAPTOP-NUEVA-LENOVO-AMD-ATHLON-305,LAPTOP,nuevo,activo,2,1,0,0
Laptop nueva Lenovo i5-13va. 16-256,,,LAPTOP-NUEVA-LENOVO-I5-13VA-16-256,LAPTOP,nuevo,activo,2,1,0,0
Laptop nueva lenovo intel core n4500 celeron,,,LAPTOP-NUEVA-LENOVO-INTEL-CORE-N45,LAPTOP,nuevo,activo,1,1,0,0
Laptop nueva lenovo i5 1335U 16ram/256gb almac.,,,LAPTOP-NUEVA-LENOVO-I5-1335U-16RAM,LAPTOP,nuevo,activo,1,1,0,0
Laptop nueva lenovo intel N4500 4ram/128gb almac.,,,LAPTOP-NUEVA-LENOVO-INTEL-N4500-4R,LAPTOP,nuevo,activo,1,1,0,0
Laptop nueva Lenovo Ryzen 3 7000 8-256.,,,LAPTOP-NUEVA-LENOVO-RYZEN-3-7000-8,LAPTOP,nuevo,activo,0,1,0,0
Laptop nueva Lenovo Ryzen 5- 7520u 8-256,,,LAPTOP-NUEVA-LENOVO-RYZEN-5-7520U-,LAPTOP,nuevo,activo,1,1,0,0
Laptop nueva MSI i5-13va/ 16/512 + RTX 3050,,,LAPTOP-NUEVA-MSI-I5-13VA-16-512-RT,LAPTOP,nuevo,activo,0,1,0,0
Laptop nueva MSI i7/ 32/1 TB + RTX 5070,,,LAPTOP-NUEVA-MSI-I7-32-1-TB-RTX-50,LAPTOP,nuevo,activo,1,1,0,0
Laptop nueva MSI Ryzen 5/ 16/512 + RTX 4050,,,LAPTOP-NUEVA-MSI-RYZEN-5-16-512-RT,LAPTOP,nuevo,activo,0,1,0,0
Laptop Refurb. Dell i5-10ma. 14 16-256,,,LAPTOP-REFURB-DELL-I5-10MA-14-16-2,LAPTOP,refurbished,activo,1,1,0,0
"Laptop Refurb. Dell i5-11va 14"""" Tactil",,,LAPTOP-REFURB-DELL-I5-11VA-14-TACT,LAPTOP,refurbished,activo,2,1,0,0
Laptop Refurb.dell i7 10ma,,,LAPTOP-REFURB-DELL-I7-10MA,LAPTOP,refurbished,activo,1,1,0,0
"Laptop Refurb. Dell i5-7ma 14""""",,,LAPTOP-REFURB-DELL-I5-7MA-14,LAPTOP,refurbished,activo,1,1,0,0
Laptop Refurb. Dell i5-8va. Grado A,,,LAPTOP-REFURB-DELL-I5-8VA-GRADO-A,LAPTOP,refurbished,activo,1,1,0,0
Laptop Refurb. Dell i7-10ma. 10610u 16gb,,,LAPTOP-REFURB-DELL-I7-10MA-10610U-,LAPTOP,refurbished,activo,1,1,0,0
Laptop Refurb.,,,LAPTOP-REFURB,LAPTOP,refurbished,activo,0,1,0,0
Laptop Refurb. Dell i7-8va / 8 - 256 Grado A,,,LAPTOP-REFURB-DELL-I7-8VA-8-256-GR,LAPTOP,refurbished,activo,2,1,0,0
Laptop Refurb. Dell i7-8va. 8-256,,,LAPTOP-REFURB-DELL-I7-8VA-8-256,LAPTOP,refurbished,activo,1,1,0,0
Laptop Refurb. ACER Nitro i7 13620H 16/512 4060,,,LAPTOP-REFURB-ACER-NITRO-I7-13620H,LAPTOP,refurbished,activo,1,1,0,0
Laptop Refurb. HP i3-10ma.,,,LAPTOP-REFURB-HP-I3-10MA,LAPTOP,refurbished,activo,0,1,0,0
Laptop Refurb. HP i5-6ta,,,LAPTOP-REFURB-HP-I5-6TA,LAPTOP,refurbished,activo,1,1,0,0
Laptop Refurb. Lenovo Ryzen 3 3200,,,LAPTOP-REFURB-LENOVO-RYZEN-3-3200,LAPTOP,refurbished,activo,0,1,0,0
Laptop Refurb. Lenovo Thinkpack i7-6ta,,,LAPTOP-REFURB-LENOVO-THINKPACK-I7-,LAPTOP,refurbished,activo,1,1,0,0
Laptop Refurb. Lenovo Thinkpack i5-8va,,,LAPTOP-REFURB-LENOVO-THINKPACK-I5-,LAPTOP,refurbished,activo,0,1,0,0
Microfono + placa v8 + brazo,,,MICROFONO-PLACA-V8-BRAZO,ACCESORIOS,nuevo,activo,0,1,0,0
Microfono Balita doble. Tipo C,,,MICROFONO-BALITA-DOBLE-TIPO-C,ACCESORIOS,nuevo,activo,0,1,0,0
Microfono Balita Lavalier. Iphone,,,MICROFONO-BALITA-LAVALIER-IPHONE,ACCESORIOS,nuevo,activo,0,1,0,0
Microfono Balita Lavalier. Tipo C,,,MICROFONO-BALITA-LAVALIER-TIPO-C,ACCESORIOS,nuevo,activo,0,1,0,0
Microfono Boya,,,MICROFONO-BOYA,ACCESORIOS,nuevo,activo,2,1,0,0
Microfono JBL pbm100,,,MICROFONO-JBL-PBM100,ACCESORIOS,nuevo,activo,2,1,0,0
Microfono Razer Seiren Mini,,,MICROFONO-RAZER-SEIREN-MINI,ACCESORIOS,nuevo,activo,2,1,0,0
Microfono Redragon Quasar 2,,,MICROFONO-REDRAGON-QUASAR-2,ACCESORIOS,nuevo,activo,3,1,0,0
Microfono shure PGA58,,,MICROFONO-SHURE-PGA58,ACCESORIOS,nuevo,activo,2,1,0,0
Microfono shure SM58,,,MICROFONO-SHURE-SM58,ACCESORIOS,nuevo,activo,1,1,0,0
"Microfono T-wolf RGB , caja blanca",,,MICROFONO-T-WOLF-RGB-CAJA-BLANCA,ACCESORIOS,nuevo,activo,0,1,0,0
"Microfono V3 Pro, caja blanca",,,MICROFONO-V3-PRO-CAJA-BLANCA,ACCESORIOS,nuevo,activo,5,1,0,0
Microfono V5 Caja verde,,,MICROFONO-V5-CAJA-VERDE,ACCESORIOS,nuevo,activo,2,1,0,0
Mini Pc Ryzen 5,,,MINI-PC-RYZEN-5,MINI,nuevo,activo,0,1,0,0
"Monitor 19.5"""" - 60hz - AROA",,,MONITOR-19-5-60HZ-AROA,MONITOR,nuevo,activo,0,1,0,0
"Monitor 20"""" - Auce - 60hz - ",,,MONITOR-20-AUCE-60HZ,MONITOR,nuevo,activo,3,1,0,0
"Monitor 21.5"""" - Astron - 100hz - ",,,MONITOR-21-5-ASTRON-100HZ,MONITOR,nuevo,activo,2,1,0,0
"Monitor 21.5"""" - MSI - 100 Hz - (MP225)",,,MONITOR-21-5-MSI-100-HZ-MP225,MONITOR,nuevo,activo,1,1,0,0
"Monitor 23.5"""" - Gamemax -120 Hz - ",,,MONITOR-23-5-GAMEMAX-120-HZ,MONITOR,nuevo,activo,0,1,0,0
"Monitor 23.8"""" - Astron - 165hz - ",,,MONITOR-23-8-ASTRON-165HZ,MONITOR,nuevo,activo,0,1,0,0
"Monitor 23.8"""" - Gamemax -120 hz",,,MONITOR-23-8-GAMEMAX-120-HZ,MONITOR,nuevo,activo,1,1,0,0
"Monitor 24"""" - jemip Zeta One - 120hz - ",,,MONITOR-24-JEMIP-ZETA-ONE-120HZ,MONITOR,nuevo,activo,0,1,0,0
"Monitor 24"""" - Master - 165Hz - ",,,MONITOR-24-MASTER-165HZ,MONITOR,nuevo,activo,1,1,0,0
"Monitor 24"""" - MSI PRO MP243L",,,MONITOR-24-MSI-PRO-MP243L,MONITOR,nuevo,activo,1,1,0,0
"Monitor 25"""" - MSI PRO MP251 ",,,MONITOR-25-MSI-PRO-MP251,MONITOR,nuevo,activo,2,1,0,0
"Monitor 24"""" - Samsung curvo",,,MONITOR-24-SAMSUNG-CURVO,MONITOR,nuevo,activo,1,1,0,0
"Monitor 27"""" - Astron - 165hz - ",,,MONITOR-27-ASTRON-165HZ,MONITOR,nuevo,activo,0,1,0,0
"Monitor 27"""" - Jemip - 2K - ",,,MONITOR-27-JEMIP-2K,MONITOR,nuevo,activo,0,1,0,0
"Monitor 27"""" - Jemip caja roja - 100 Hz - ",,,MONITOR-27-JEMIP-CAJA-ROJA-100-HZ,MONITOR,nuevo,activo,0,1,0,0
"Monitor 27"""" - Master MD 27 165hz",,,MONITOR-27-MASTER-MD-27-165HZ,MONITOR,nuevo,activo,1,1,0,0
"Monitor 27"""" - MSI - 2K (G27CQF)",,,MONITOR-27-MSI-2K-G27CQF,MONITOR,nuevo,activo,1,1,0,0
"Monitor 27"""" - MSI PRO MP273L",,,MONITOR-27-MSI-PRO-MP273L,MONITOR,nuevo,activo,1,1,0,0
"Monitor 27"""" - MSI Curvo - 280 Hz - ",,,MONITOR-27-MSI-CURVO-280-HZ,MONITOR,nuevo,activo,0,1,0,0
"Monitor 27"""" - MSI MAC - 2k - ",,,MONITOR-27-MSI-MAC-2K,MONITOR,nuevo,activo,0,1,0,0
"Monitor 27"""" - Samsung ODISSEY ",,,MONITOR-27-SAMSUNG-ODISSEY,MONITOR,nuevo,activo,1,1,0,0
"Monitor 32"""" - LG",,,MONITOR-32-LG,MONITOR,nuevo,activo,2,1,0,0
"Monitor 32"""" - Master ",,,MONITOR-32-MASTER,MONITOR,nuevo,activo,2,1,0,0
Mouse AST,,,MOUSE-AST,MOUSE,nuevo,activo,0,1,0,0
Mouse Corsair Harpoon RGB,,,MOUSE-CORSAIR-HARPOON-RGB,MOUSE,nuevo,activo,0,1,0,0
Mouse Corsair M65 RGB,,,MOUSE-CORSAIR-M65-RGB,MOUSE,nuevo,activo,0,1,0,0
Mouse EVGA X15,,,MOUSE-EVGA-X15,MOUSE,nuevo,activo,0,1,0,0
Mouse EVGA X17,,,MOUSE-EVGA-X17,MOUSE,nuevo,activo,3,1,0,0
Mouse Fantech Crypto,,,MOUSE-FANTECH-CRYPTO,COOLING,nuevo,activo,0,1,0,0
Mouse Fantech Kanata Alambrico,,,MOUSE-FANTECH-KANATA-ALAMBRICO,COOLING,nuevo,activo,0,1,0,0
Mouse Gamemax Combo con mousepad y mouse,,,MOUSE-GAMEMAX-COMBO-CON-MOUSEPAD-Y,ACCESORIOS,nuevo,activo,0,1,0,0
Mouse Genius DX120,,,MOUSE-GENIUS-DX120,MOUSE,nuevo,activo,4,1,0,0
Mouse Genius DX125,,,MOUSE-GENIUS-DX125,MOUSE,nuevo,activo,0,1,0,0
Mouse Genius Scorpion M700,,,MOUSE-GENIUS-SCORPION-M700,MOUSE,nuevo,activo,2,1,0,0
Mouse inalambrico Biucen,,,MOUSE-INALAMBRICO-BIUCEN,MOUSE,nuevo,activo,0,1,0,0
Mouse inalambrico bluetooth T-Wolf X9 Rosado,,,MOUSE-INALAMBRICO-BLUETOOTH-T-WOLF,MOUSE,nuevo,activo,0,1,0,0
Mouse Inalambrico Fantech Kanata,,,MOUSE-INALAMBRICO-FANTECH-KANATA,COOLING,nuevo,activo,5,1,0,0
Mouse Inalambrico Genius M300,,,MOUSE-INALAMBRICO-GENIUS-M300,MOUSE,nuevo,activo,0,1,0,0
Mouse Inalambrico T-wolf Q2,,,MOUSE-INALAMBRICO-T-WOLF-Q2,MOUSE,nuevo,activo,4,1,0,0
Mouse Inalambrico T-Wolf Q4,,,MOUSE-INALAMBRICO-T-WOLF-Q4,MOUSE,nuevo,activo,0,1,0,0
Mouse Inalambrico UP,,,MOUSE-INALAMBRICO-UP,MOUSE,nuevo,activo,6,1,0,0
Mouse Logitech G305,,,MOUSE-LOGITECH-G305,MOUSE,nuevo,activo,3,1,0,0
Mouse Logitech G304,,,MOUSE-LOGITECH-G304,MOUSE,nuevo,activo,2,1,0,0
Mouse Logitech G502,,,MOUSE-LOGITECH-G502,MOUSE,nuevo,activo,2,1,0,0
Mouse MSI Clutch GM08,,,MOUSE-MSI-CLUTCH-GM08,MOUSE,nuevo,activo,4,1,0,0
Mouse MSI Forge GM300,,,MOUSE-MSI-FORGE-GM300,MOUSE,nuevo,activo,4,1,0,0
Mouse Razer Deathadder chroma,,,MOUSE-RAZER-DEATHADDER-CHROMA,MOUSE,nuevo,activo,4,1,0,0
Mouse Razer ORICHI V2,,,MOUSE-RAZER-ORICHI-V2,MOUSE,nuevo,activo,1,1,0,0
Mouse Razer Basilisk V3,,,MOUSE-RAZER-BASILISK-V3,MOUSE,nuevo,activo,0,1,0,0
Mouse Razer Basilisk V3x Hyperspeed,,,MOUSE-RAZER-BASILISK-V3X-HYPERSPEE,MOUSE,nuevo,activo,3,1,0,0
Mouse Razer Deathadder Essential,,,MOUSE-RAZER-DEATHADDER-ESSENTIAL,MOUSE,nuevo,activo,3,1,0,0
Mouse Razer Viper Hyperspeed,,,MOUSE-RAZER-VIPER-HYPERSPEED,MOUSE,nuevo,activo,1,1,0,0
Mouse Razer Viper V3,,,MOUSE-RAZER-VIPER-V3,MOUSE,nuevo,activo,0,1,0,0
Mouse Redragon Centrophorus7.200 DPI,,,MOUSE-REDRAGON-CENTROPHORUS7-200-D,MOUSE,nuevo,activo,0,1,0,0
Mouse Redragon Cobra 10.000 DPI,,,MOUSE-REDRAGON-COBRA-10-000-DPI,MOUSE,nuevo,activo,0,1,0,0
Mouse Redragon Ergonomico BM 4033,,,MOUSE-REDRAGON-ERGONOMICO-BM-4033,MOUSE,nuevo,activo,0,1,0,0
Mouse Redragon Gainer 4.000 DPI,,,MOUSE-REDRAGON-GAINER-4-000-DPI,MOUSE,nuevo,activo,4,1,0,0
Mouse Redragon Griffin 7.200 DPI,,,MOUSE-REDRAGON-GRIFFIN-7-200-DPI,MOUSE,nuevo,activo,2,1,0,0
Mouse Redragon K1NG 1K 12.400 DPI,,,MOUSE-REDRAGON-K1NG-1K-12-400-DPI,MOUSE,nuevo,activo,4,1,0,0
Mouse Redragon Predator Pro 8.000 DPI,,,MOUSE-REDRAGON-PREDATOR-PRO-8-000-,MOUSE,nuevo,activo,2,1,0,0
Mouse Redragon Reaping,,,MOUSE-REDRAGON-REAPING,MOUSE,nuevo,activo,3,1,0,0
Mouse Redragon Storm 16.000 DPI,,,MOUSE-REDRAGON-STORM-16-000-DPI,MOUSE,nuevo,activo,0,1,0,0
Mouse Redragon Storm Pro 12.400 DPI,,,MOUSE-REDRAGON-STORM-PRO-12-400-DP,MOUSE,nuevo,activo,2,1,0,0
Mouse Onikuma CW902,,,MOUSE-ONIKUMA-CW902,MOUSE,nuevo,activo,4,1,0,0
Mouse Fashion,,,MOUSE-FASHION,MOUSE,nuevo,activo,12,1,0,0
Mouse Inalambrico recargable,,,MOUSE-INALAMBRICO-RECARGABLE,MOUSE,nuevo,activo,26,1,0,0
Mouse T-Wolf V1,,,MOUSE-T-WOLF-V1,MOUSE,nuevo,activo,0,1,0,0
Mouse T-Wolf V13,,,MOUSE-T-WOLF-V13,MOUSE,nuevo,activo,0,1,0,0
Mouse T-Wolf V15,,,MOUSE-T-WOLF-V15,MOUSE,nuevo,activo,10,1,0,0
Mouse T-Wolf V2,,,MOUSE-T-WOLF-V2,MOUSE,nuevo,activo,4,1,0,0
Mouse y Mousepad Gamemax combo,,,MOUSE-Y-MOUSEPAD-GAMEMAX-COMBO,ACCESORIOS,nuevo,activo,5,1,0,0
Mousepad Cuadrado Havit,,,MOUSEPAD-CUADRADO-HAVIT,MOUSEPAD,nuevo,activo,0,1,0,0
Mousepad Cuadrado Redragon,,,MOUSEPAD-CUADRADO-REDRAGON,MOUSEPAD,nuevo,activo,0,1,0,0
Mousepad Cuadrado UP MPO3-of,,,MOUSEPAD-CUADRADO-UP-MPO3-OF,MOUSEPAD,nuevo,activo,0,1,0,0
Mousepad sencillo turquesa,,,MOUSEPAD-SENCILLO-TURQUESA,MOUSEPAD,nuevo,activo,0,1,0,0
Mousepad XL RGB,,,MOUSEPAD-XL-RGB,MOUSEPAD,nuevo,activo,3,1,0,0
Mousepad SUZAKU Redragon,,,MOUSEPAD-SUZAKU-REDRAGON,MOUSEPAD,nuevo,activo,2,1,0,0
Mousepad KUNLUN Redragon,,,MOUSEPAD-KUNLUN-REDRAGON,MOUSEPAD,nuevo,activo,2,1,0,0
Mousepad XXL Redragon,,,MOUSEPAD-XXL-REDRAGON,MOUSEPAD,nuevo,activo,0,1,0,0
Mousepad XL UP,,,MOUSEPAD-XL-UP,MOUSEPAD,nuevo,activo,2,1,0,0
Pasta Termica Corsair,,,PASTA-TERMICA-CORSAIR,COOLING,nuevo,activo,5,1,0,0
Pasta Termica economica mediana,,,PASTA-TERMICA-ECONOMICA-MEDIANA,COOLING,nuevo,activo,3,1,0,0
Pasta Termica economica peque�a,,,PASTA-TERMICA-ECONOMICA-PEQUE-A,COOLING,nuevo,activo,10,1,0,0
Pasta Termica Gamemax,,,PASTA-TERMICA-GAMEMAX,COOLING,nuevo,activo,4,1,0,0
Pasta Termica Thermal Grizzly,,,PASTA-TERMICA-THERMAL-GRIZZLY,COOLING,nuevo,activo,4,1,0,0
Pasta Termica MX4 Caja Grande (1 TIENDA),,,PASTA-TERMICA-MX4-CAJA-GRANDE-1-TI,COOLING,nuevo,activo,1,1,0,0
Pasta Termica MX6,,,PASTA-TERMICA-MX6,COOLING,nuevo,activo,4,1,0,0
Pasta Termica MX7,,,PASTA-TERMICA-MX7,COOLING,nuevo,activo,0,1,0,0
Placa Arteck AK-H110M,,,PLACA-ARTECK-AK-H110M,MOBO,nuevo,activo,1,1,0,0
Placa Arteck AK-H81M EL VS,,,PLACA-ARTECK-AK-H81M-EL-VS,MOBO,nuevo,activo,0,1,0,0
Placa Asrock A520M-HDV,,,PLACA-ASROCK-A520M-HDV,MOBO,nuevo,activo,1,1,0,0
Placa Asrock B450M,,,PLACA-ASROCK-B450M,MOBO,nuevo,activo,0,1,0,0
Placa Asrock B850M - X. WIFI AM5,,,PLACA-ASROCK-B850M-X-WIFI-AM5,MOBO,nuevo,activo,2,1,0,0
Placa Asrock H510M - SE (Intel),,,PLACA-ASROCK-H510M-SE-INTEL,MOBO,nuevo,activo,0,1,0,0
Placa Asrock H610M - HDV m.2,,,PLACA-ASROCK-H610M-HDV-M-2,MOBO,nuevo,activo,0,1,0,0
Placa Asrock H610M HVSI m.2 Pro,,,PLACA-ASROCK-H610M-HVSI-M-2-PRO,MOBO,nuevo,activo,5,1,0,0
Placa Asrock H810M - X,,,PLACA-ASROCK-H810M-X,MOBO,nuevo,activo,1,1,0,0
Placa Asrock Phanton Z590 Gaming S4,,,PLACA-ASROCK-PHANTON-Z590-GAMING-S,MOBO,nuevo,activo,0,1,0,0
Placa Asus B760M-AYW - wifi D4,,,PLACA-ASUS-B760M-AYW-WIFI-D4,MOBO,nuevo,activo,0,1,0,0
Placa Asus Prime A520M-K (Ryzen),,,PLACA-ASUS-PRIME-A520M-K-RYZEN,MOBO,nuevo,activo,2,1,0,0
Placa Asus Prime B550- Plus HES,,,PLACA-ASUS-PRIME-B550-PLUS-HES,MOBO,nuevo,activo,0,1,0,0
Placa Asus Prime B550M - A - WIFI II***,,,PLACA-ASUS-PRIME-B550M-A-WIFI-II,MOBO,nuevo,activo,0,1,0,0
Placa Asus Prime B650 - DDR5 (Ryzen) Blanca,,,PLACA-ASUS-PRIME-B650-DDR5-RYZEN-B,MOBO,nuevo,activo,0,1,0,0
Placa Asus Prime H670- Plus D4,,,PLACA-ASUS-PRIME-H670-PLUS-D4,MOBO,nuevo,activo,0,1,0,0
Placa Asus Prime Z270 - 6ta. (Sin Caja),,,PLACA-ASUS-PRIME-Z270-6TA-SIN-CAJA,MOBO,nuevo,activo,2,1,0,0
Placa Asus Prime Z590 - P (Intel),,,PLACA-ASUS-PRIME-Z590-P-INTEL,MOBO,nuevo,activo,0,1,0,0
Placa Asus Prime Z290 6TA (sin caja),,,PLACA-ASUS-PRIME-Z290-6TA-SIN-CAJA,MOBO,nuevo,activo,1,1,0,0
Placa AsusTuf A520M (Ryzen) Sin Caja,,,PLACA-ASUSTUF-A520M-RYZEN-SIN-CAJA,MOBO,nuevo,activo,2,1,0,0
Placa Biostar A620A DDR5,,,PLACA-BIOSTAR-A620A-DDR5,MOBO,nuevo,activo,1,1,0,0
Placa Biostar A620M DDR5,,,PLACA-BIOSTAR-A620M-DDR5,MOBO,nuevo,activo,2,1,0,0
Placa Biostar H610MHP,,,PLACA-BIOSTAR-H610MHP,MOBO,nuevo,activo,1,1,0,0
Placa combo G31m7,,,PLACA-COMBO-G31M7,MOBO,nuevo,activo,0,1,0,0
Placa DDR2,,,PLACA-DDR2,MOBO,nuevo,activo,1,1,0,0
Placa DDR3 H61 sergio,,,PLACA-DDR3-H61-SERGIO,MOBO,nuevo,activo,1,1,0,0
Placa Esonic H110 Intel,,,PLACA-ESONIC-H110-INTEL,MOBO,nuevo,activo,0,1,0,0
Placa Esonic H61DA,,,PLACA-ESONIC-H61DA,MOBO,nuevo,activo,3,1,0,0
Placa Esonic H81DA,,,PLACA-ESONIC-H81DA,MOBO,nuevo,activo,5,1,0,0
Placa Gigabyte A520M-K-V2 / EXIBICION MALA,,,PLACA-GIGABYTE-A520M-K-V2-EXIBICIO,MOBO,nuevo,activo,1,1,0,0
Placa Gigabyte Aorus B550 (Ryzen),,,PLACA-GIGABYTE-AORUS-B550-RYZEN,MOBO,nuevo,activo,0,1,0,0
Placa Gigabyte Aorus B650-E,,,PLACA-GIGABYTE-AORUS-B650-E,MOBO,nuevo,activo,1,1,0,0
Placa Gigabyte Aorus B850-Elite - wifi 7,,,PLACA-GIGABYTE-AORUS-B850-ELITE-WI,MOBO,nuevo,activo,1,1,0,0
Placa Gigabyte B550M Gaming X Wifi 6 (Ryzen),,,PLACA-GIGABYTE-B550M-GAMING-X-WIFI,MOBO,nuevo,activo,2,1,0,0
Placa Gigabyte B550M-K (Ryzen),,,PLACA-GIGABYTE-B550M-K-RYZEN,MOBO,nuevo,activo,0,1,0,0
Placa Gigabyte B650M Gaming Plus wifi (Ryzen),,,PLACA-GIGABYTE-B650M-GAMING-PLUS-W,MOBO,nuevo,activo,0,1,0,0
Placa Gigabyte B760M - DS3HP (Intel) DDR4,,,PLACA-GIGABYTE-B760M-DS3HP-INTEL-D,MOBO,nuevo,activo,0,1,0,0
Placa Gigabyte Eagle B860,,,PLACA-GIGABYTE-EAGLE-B860,MOBO,nuevo,activo,0,1,0,0
Placa Gigabyte H510M K - V2 (Intel),,,PLACA-GIGABYTE-H510M-K-V2-INTEL,MOBO,nuevo,activo,0,1,0,0
Placa Gigabyte X870 Am5 Gaming wifi,,,PLACA-GIGABYTE-X870-AM5-GAMING-WIF,MOBO,nuevo,activo,0,1,0,0
Placa Gigabyte Z790 - UD AC (Intel),,,PLACA-GIGABYTE-Z790-UD-AC-INTEL,MOBO,nuevo,activo,0,1,0,0
Placa Gigabyte Z790 DDR4 Wifi,,,PLACA-GIGABYTE-Z790-DDR4-WIFI,MOBO,nuevo,activo,0,1,0,0
Placa MSI PRO B7 60M-P DDR4 INTEL,,,PLACA-MSI-PRO-B7-60M-P-DDR4-INTEL,MOBO,nuevo,activo,2,1,0,0
Placa MSI A620M (Ryzen),,,PLACA-MSI-A620M-RYZEN,MOBO,nuevo,activo,0,1,0,0
Placa MSI B550 Mac Gaming Plus,,,PLACA-MSI-B550-MAC-GAMING-PLUS,MOBO,nuevo,activo,0,1,0,0
Placa MSI Z790 Gaming Plus wifi,,,PLACA-MSI-Z790-GAMING-PLUS-WIFI,MOBO,nuevo,activo,0,1,0,0
Placa Zeon,,,PLACA-ZEON,MOBO,nuevo,activo,1,1,0,0
Procesador Intel Celeron G3930,,,PROCESADOR-INTEL-CELERON-G3930,CPU,nuevo,activo,1,1,0,0
Procesador Intel Core i5 - 11400F,,,PROCESADOR-INTEL-CORE-I5-11400F,CPU,nuevo,activo,0,1,0,0
Procesador Intel Core 2 Quad,,,PROCESADOR-INTEL-CORE-2-QUAD,CPU,nuevo,activo,1,1,0,0
Procesador Intel Core i3 - 12100F,,,PROCESADOR-INTEL-CORE-I3-12100F,CPU,nuevo,activo,0,1,0,0
Procesador Intel Core i3 - 13100F,,,PROCESADOR-INTEL-CORE-I3-13100F,CPU,nuevo,activo,1,1,0,0
Procesador Intel Core i3 - 14100F,,,PROCESADOR-INTEL-CORE-I3-14100F,CPU,nuevo,activo,2,1,0,0
Procesador Intel Core i3 - 3220,,,PROCESADOR-INTEL-CORE-I3-3220,CPU,nuevo,activo,0,1,0,0
Procesador Intel Core i3 - 3250,,,PROCESADOR-INTEL-CORE-I3-3250,CPU,nuevo,activo,1,1,0,0
Procesador Intel Core i5 - 10400,,,PROCESADOR-INTEL-CORE-I5-10400,CPU,nuevo,activo,0,1,0,0
Procesador Intel Core i5 - 10400F,,,PROCESADOR-INTEL-CORE-I5-10400F,CPU,nuevo,activo,1,1,0,0
Procesador Intel Core i5 - 11400F,,,PROCESADOR-INTEL-CORE-I5-11400F-2,CPU,nuevo,activo,1,1,0,0
Procesador Intel Core i5 - 12400,,,PROCESADOR-INTEL-CORE-I5-12400,CPU,nuevo,activo,2,1,0,0
Procesador Intel Core i5 - 12400F,,,PROCESADOR-INTEL-CORE-I5-12400F,CPU,nuevo,activo,2,1,0,0
Procesador Intel Core i5 - 12600KF,,,PROCESADOR-INTEL-CORE-I5-12600KF,CPU,nuevo,activo,1,1,0,0
Procesador Intel Core i5 - 14400,,,PROCESADOR-INTEL-CORE-I5-14400,CPU,nuevo,activo,1,1,0,0
Procesador Intel Core i5 - 14400F,,,PROCESADOR-INTEL-CORE-I5-14400F,CPU,nuevo,activo,0,1,0,0
Procesador intel core i5 - 14600K,,,PROCESADOR-INTEL-CORE-I5-14600K,CPU,nuevo,activo,1,1,0,0
Procesador intel core i5 - 15va - ultra,,,PROCESADOR-INTEL-CORE-I5-15VA-ULTR,CPU,nuevo,activo,1,1,0,0
Procesador Intel Core i5 - 2500K,,,PROCESADOR-INTEL-CORE-I5-2500K,CPU,nuevo,activo,0,1,0,0
Procesador Intel Core i5 - 3470,,,PROCESADOR-INTEL-CORE-I5-3470,CPU,nuevo,activo,2,1,0,0
Procesador Intel Core i5 - 4590,,,PROCESADOR-INTEL-CORE-I5-4590,CPU,nuevo,activo,3,1,0,0
Procesador Intel Core i5 - 6500,,,PROCESADOR-INTEL-CORE-I5-6500,CPU,nuevo,activo,3,1,0,0
Procesador Intel Core i5 - 7500,,,PROCESADOR-INTEL-CORE-I5-7500,CPU,nuevo,activo,0,1,0,0
Procesador Intel Core i5 - 8400,,,PROCESADOR-INTEL-CORE-I5-8400,CPU,nuevo,activo,0,1,0,0
Procesador Intel Core i5 - 8500,,,PROCESADOR-INTEL-CORE-I5-8500,CPU,nuevo,activo,5,1,0,0
Procesador Intel Core i5 - 9400,,,PROCESADOR-INTEL-CORE-I5-9400,CPU,nuevo,activo,0,1,0,0
Procesador Intel Core i5 - 9500,,,PROCESADOR-INTEL-CORE-I5-9500,CPU,nuevo,activo,1,1,0,0
Procesador Intel Core i7 - 12700KF,,,PROCESADOR-INTEL-CORE-I7-12700KF,CPU,nuevo,activo,0,1,0,0
Procesador intel core i7 - 15va - ultra,,,PROCESADOR-INTEL-CORE-I7-15VA-ULTR,CPU,nuevo,activo,0,1,0,0
Procesador Intel Core i7 - 4TA 4790,,,PROCESADOR-INTEL-CORE-I7-4TA-4790,CPU,nuevo,activo,0,1,0,0
Procesador Intel Core i7 - 2600K,,,PROCESADOR-INTEL-CORE-I7-2600K,CPU,nuevo,activo,0,1,0,0
Procesador Intel Core i7 - 3770,,,PROCESADOR-INTEL-CORE-I7-3770,CPU,nuevo,activo,2,1,0,0
Procesador Intel Core i7 - 7700K revisar uno,,,PROCESADOR-INTEL-CORE-I7-7700K-REV,CPU,nuevo,activo,2,1,0,0
Procesador Intel Core i9 - 12900KF,,,PROCESADOR-INTEL-CORE-I9-12900KF,CPU,nuevo,activo,0,1,0,0
Procesador Intel Pentium Dual Core,,,PROCESADOR-INTEL-PENTIUM-DUAL-CORE,CPU,nuevo,activo,0,1,0,0
Procesador Intel Pentium G4400 - 6ta,,,PROCESADOR-INTEL-PENTIUM-G4400-6TA,CPU,nuevo,activo,3,1,0,0
Procesador Ryzen 3 - 3200 G,,,PROCESADOR-RYZEN-3-3200-G,CPU,nuevo,activo,1,1,0,0
Procesador Ryzen 5 - 4500,,,PROCESADOR-RYZEN-5-4500,CPU,nuevo,activo,3,1,0,0
Procesador Ryzen 5 - 5500,,,PROCESADOR-RYZEN-5-5500,CPU,nuevo,activo,10,1,0,0
Procesador Ryzen 5 - 5600,,,PROCESADOR-RYZEN-5-5600,CPU,nuevo,activo,1,1,0,0
Procesador Ryzen 5 - 5600G,,,PROCESADOR-RYZEN-5-5600G,CPU,nuevo,activo,0,1,0,0
Procesador Ryzen 5 - 7600X,,,PROCESADOR-RYZEN-5-7600X,CPU,nuevo,activo,1,1,0,0
Procesador Ryzen 5 - 8500G,,,PROCESADOR-RYZEN-5-8500G,CPU,nuevo,activo,2,1,0,0
Procesador Ryzen 5 - 8600G,,,PROCESADOR-RYZEN-5-8600G,CPU,nuevo,activo,1,1,0,0
Procesador Ryzen 5 - 9600X,,,PROCESADOR-RYZEN-5-9600X,CPU,nuevo,activo,1,1,0,0
Procesador Ryzen 5- 5600GT,,,PROCESADOR-RYZEN-5-5600GT,CPU,nuevo,activo,1,1,0,0
Procesador Ryzen 7 - 5700,,,PROCESADOR-RYZEN-7-5700,CPU,nuevo,activo,1,1,0,0
Procesador Ryzen 7 - 5700G,,,PROCESADOR-RYZEN-7-5700G,CPU,nuevo,activo,3,1,0,0
Procesador Ryzen 7 - 5700X,,,PROCESADOR-RYZEN-7-5700X,CPU,nuevo,activo,0,1,0,0
Procesador Ryzen 7 - 5800 XT,,,PROCESADOR-RYZEN-7-5800-XT,CPU,nuevo,activo,0,1,0,0
Procesador Ryzen 7 - 8700G,,,PROCESADOR-RYZEN-7-8700G,CPU,nuevo,activo,1,1,0,0
Procesador Ryzen 7 - 9700X,,,PROCESADOR-RYZEN-7-9700X,CPU,nuevo,activo,0,1,0,0
Procesador Ryzen 7 5700 X3D,,,PROCESADOR-RYZEN-7-5700-X3D,CPU,nuevo,activo,0,1,0,0
Procesador Ryzen 7 7700X,,,PROCESADOR-RYZEN-7-7700X,CPU,nuevo,activo,1,1,0,0
Procesador Ryzen 7 9900x,,,PROCESADOR-RYZEN-7-9900X,CPU,nuevo,activo,1,1,0,0
Procesador AMD Athlon,,,PROCESADOR-AMD-ATHLON,CPU,nuevo,activo,2,1,0,0
Procesador Ryzen 7 9800 X3D,,,PROCESADOR-RYZEN-7-9800-X3D,CPU,nuevo,activo,1,1,0,0
Projector Led - caja blanca con amarillo,,,PROJECTOR-LED-CAJA-BLANCA-CON-AMAR,PROJECTOR,nuevo,activo,0,1,0,0
Protector de corriente 3 toma,,,PROTECTOR-DE-CORRIENTE-3-TOMA,ACCESORIOS,nuevo,activo,20,1,0,0
Protector de corriente grande 1 toma,,,PROTECTOR-DE-CORRIENTE-GRANDE-1-TO,ACCESORIOS,nuevo,activo,28,1,0,0
Protector de corriente peque�o laptop,,,PROTECTOR-DE-CORRIENTE-PEQUE-O-LAP,ACCESORIOS,nuevo,activo,0,1,0,0
Protector de corriente UP,,,PROTECTOR-DE-CORRIENTE-UP,ACCESORIOS,nuevo,activo,0,1,0,0
Ram DDR2 Laptop 2GB - Royemai - 5400,,,RAM-DDR2-LAPTOP-2GB-ROYEMAI-5400,RAM,nuevo,activo,2,1,0,0
Ram DDR2 PC 2GB - Kingston - 6400,,,RAM-DDR2-PC-2GB-KINGSTON-6400,RAM,nuevo,activo,0,1,0,0
"Ram DDR3 Laptop - 2GB - Surtidas - 10600, sin caja",,,RAM-DDR3-LAPTOP-2GB-SURTIDAS-10600,RAM,nuevo,activo,0,1,0,0
Ram DDR3 PC 16GB - Patriot Viper - kit 8*2 - 1866,,,RAM-DDR3-PC-16GB-PATRIOT-VIPER-KIT,RAM,nuevo,activo,1,1,0,0
Ram DDR3 PC 2GB - Semicon - 12800,,,RAM-DDR3-PC-2GB-SEMICON-12800,RAM,nuevo,activo,0,1,0,0
Ram DDR3 PC 4GB - Kingston - 10600,,,RAM-DDR3-PC-4GB-KINGSTON-10600,RAM,nuevo,activo,2,1,0,0
"Ram DDR3 PC 4GB - Patriot - 10600, sin caja",,,RAM-DDR3-PC-4GB-PATRIOT-10600-SIN-,RAM,nuevo,activo,0,1,0,0
"Ram DDR3 PC 4GB - Samsung - 12800, sin caja",,,RAM-DDR3-PC-4GB-SAMSUNG-12800-SIN-,RAM,nuevo,activo,0,1,0,0
"Ram DDR3 PC 4GB - surtidas - 12800, sin caja",,,RAM-DDR3-PC-4GB-SURTIDAS-12800-SIN,RAM,nuevo,activo,0,1,0,0
Ram DDR3 PC 8GB - Crucial - 1600,,,RAM-DDR3-PC-8GB-CRUCIAL-1600,RAM,nuevo,activo,12,1,0,0
Ram DDR3 PC 8GB - Kingston - 12800,,,RAM-DDR3-PC-8GB-KINGSTON-12800,RAM,nuevo,activo,1,1,0,0
Ram DDR4 Laptop - 16GB - Corsair Vengeance Kit 2*8 3200,,,RAM-DDR4-LAPTOP-16GB-CORSAIR-VENGE,RAM,nuevo,activo,7,1,0,0
Ram DDR4 Laptop - 16GB - Patriot - 2400,,,RAM-DDR4-LAPTOP-16GB-PATRIOT-2400,RAM,nuevo,activo,2,1,0,0
Ram DDR4 Laptop - 16GB - Puskill - 3200,,,RAM-DDR4-LAPTOP-16GB-PUSKILL-3200,RAM,nuevo,activo,2,1,0,0
Ram DDR4 Laptop - 16GB - Surtidas (3200-2666),,,RAM-DDR4-LAPTOP-16GB-SURTIDAS-3200,RAM,nuevo,activo,0,1,0,0
Ram DDR4 Laptop - 4GB Surtidas - 3200,,,RAM-DDR4-LAPTOP-4GB-SURTIDAS-3200,RAM,nuevo,activo,0,1,0,0
Ram DDR4 Laptop - 8GB - Crucial - 2400,,,RAM-DDR4-LAPTOP-8GB-CRUCIAL-2400,RAM,nuevo,activo,2,1,0,0
Ram DDR4 Laptop - 8GB - Crucial - 3200,,,RAM-DDR4-LAPTOP-8GB-CRUCIAL-3200,RAM,nuevo,activo,1,1,0,0
Ram DDR4 Laptop - 8GB - Puskill - 2666,,,RAM-DDR4-LAPTOP-8GB-PUSKILL-2666,RAM,nuevo,activo,4,1,0,0
Ram DDR4 PC - 16GB - Corsair Vengeance Lpx - kit 2*8 3200,,,RAM-DDR4-PC-16GB-CORSAIR-VENGEANCE,RAM,nuevo,activo,2,1,0,0
Ram DDR4 PC - 16GB - Corsair Vengeance RGB Pro - kit 2*16 3200,,,RAM-DDR4-PC-16GB-CORSAIR-VENGEANCE-2,RAM,nuevo,activo,2,1,0,0
Ram DDR4 PC - 16GB - HIKSEMI HIKER,,,RAM-DDR4-PC-16GB-HIKSEMI-HIKER,RAM,nuevo,activo,2,1,0,0
Ram DDR4 PC - 16GB - Geil Orion RGB - 3200,,,RAM-DDR4-PC-16GB-GEIL-ORION-RGB-32,RAM,nuevo,activo,2,1,0,0
Ram DDR4 PC - 16GB - Gskill Ripjaws V Kit 2*8 - 3200,,,RAM-DDR4-PC-16GB-GSKILL-RIPJAWS-V-,RAM,nuevo,activo,1,1,0,0
Ram DDR4 PC - 16GB - Gskill Sniper X Kit 2*8 - 3200,,,RAM-DDR4-PC-16GB-GSKILL-SNIPER-X-K,RAM,nuevo,activo,0,1,0,0
Ram DDR4 PC - 16GB - PNY XLR8 - Kit 2*8 - 3600,,,RAM-DDR4-PC-16GB-PNY-XLR8-KIT-2-8-,RAM,nuevo,activo,0,1,0,0
Ram DDR4 PC - 16GB - Teamgroup Tforce Delta kit 8*2 3600,,,RAM-DDR4-PC-16GB-TEAMGROUP-TFORCE-,RAM,nuevo,activo,1,1,0,0
Ram DDR4 PC - 16GB - Teamgroup Tforce Vulcan Z kit 2*8 3200,,,RAM-DDR4-PC-16GB-TEAMGROUP-TFORCE--2,RAM,nuevo,activo,0,1,0,0
Ram DDR4 PC - 32GB - Corsair Vengeance RGB - kit 2*16 3200,,,RAM-DDR4-PC-32GB-CORSAIR-VENGEANCE,RAM,nuevo,activo,0,1,0,0
Ram DDR4 PC - 4GB - Surtidas en caja negra - 12800,,,RAM-DDR4-PC-4GB-SURTIDAS-EN-CAJA-N,RAM,nuevo,activo,0,1,0,0
Ram DDR4 PC - 4GB - Surtidas en caja negra - 2400,,,RAM-DDR4-PC-4GB-SURTIDAS-EN-CAJA-N-2,RAM,nuevo,activo,0,1,0,0
Ram DDR4 PC - 64GB - Oloy OWL RGB - 3200,,,RAM-DDR4-PC-64GB-OLOY-OWL-RGB-3200,RAM,nuevo,activo,0,1,0,0
Ram DDR4 PC - 64GB - Patriot - 3200,,,RAM-DDR4-PC-64GB-PATRIOT-3200,RAM,nuevo,activo,0,1,0,0
Ram DDR4 PC - 64GB - Patriot Viper Gaming kit 2*32 3200,,,RAM-DDR4-PC-64GB-PATRIOT-VIPER-GAM,RAM,nuevo,activo,1,1,0,0
Ram DDR4 PC - 8GB - Adata- 3200,,,RAM-DDR4-PC-8GB-ADATA-3200,RAM,nuevo,activo,2,1,0,0
Ram DDR4 PC - 8GB - Geil Evo Potenza - 3200,,,RAM-DDR4-PC-8GB-GEIL-EVO-POTENZA-3,RAM,nuevo,activo,0,1,0,0
Ram DDR4 PC - 8GB - Geil Evo X II - 3200,,,RAM-DDR4-PC-8GB-GEIL-EVO-X-II-3200,RAM,nuevo,activo,0,1,0,0
Ram DDR4 PC - 8GB - Patriot Viper - 3200,,,RAM-DDR4-PC-8GB-PATRIOT-VIPER-3200,RAM,nuevo,activo,2,1,0,0
Ram DDR5 Laptop 16GB Patriot - 4800 -,,,RAM-DDR5-LAPTOP-16GB-PATRIOT-4800,RAM,nuevo,activo,1,1,0,0
Ram DDR5 Laptop 32GB - Crucial - 5600,,,RAM-DDR5-LAPTOP-32GB-CRUCIAL-5600,RAM,nuevo,activo,0,1,0,0
Ram DDR5 Laptop 8GB - Crucial - 4800,,,RAM-DDR5-LAPTOP-8GB-CRUCIAL-4800,RAM,nuevo,activo,2,1,0,0
Ram DDR5 Laptop 8GB - Surtida - 5600,,,RAM-DDR5-LAPTOP-8GB-SURTIDA-5600,RAM,nuevo,activo,0,1,0,0
Ram DDR5 PC 16GB - Patriot - 5600,,,RAM-DDR5-PC-16GB-PATRIOT-5600,RAM,nuevo,activo,2,1,0,0
Ram DDR5 PC 16GB - Teamgroup T-force Delta - kit 2*8 -6000,,,RAM-DDR5-PC-16GB-TEAMGROUP-T-FORCE,RAM,nuevo,activo,1,1,0,0
Ram DDR5 PC 32GB - Corsair Vengeance - Kit 2*16 - 6000,,,RAM-DDR5-PC-32GB-CORSAIR-VENGEANCE,RAM,nuevo,activo,1,1,0,0
Ram DDR5 PC 32GB - Crucial - 5600,,,RAM-DDR5-PC-32GB-CRUCIAL-5600,RAM,nuevo,activo,1,1,0,0
Ram DDR5 PC 32GB - Crucial - kit 2*16 - 4800,,,RAM-DDR5-PC-32GB-CRUCIAL-KIT-2-16-,RAM,nuevo,activo,1,1,0,0
Ram DDR5 PC 32GB - Patriot - Kit 2*16 - 4800,,,RAM-DDR5-PC-32GB-PATRIOT-KIT-2-16-,RAM,nuevo,activo,0,1,0,0
Ram DDR5 PC 32GB - Patriot Viper Elite 5 -Kit 2*16 - 5600,,,RAM-DDR5-PC-32GB-PATRIOT-VIPER-ELI,RAM,nuevo,activo,1,1,0,0
Refrigeracion Liquida Corsair Icue H100,,,REFRIGERACION-LIQUIDA-CORSAIR-ICUE,COOLING,nuevo,activo,1,1,0,0
Refrigeracion Liquida Corsair Nautilus 360,,,REFRIGERACION-LIQUIDA-CORSAIR-NAUT,COOLING,nuevo,activo,0,1,0,0
Refrigeracion Liquida EVGA 2Fan Closed Loop,,,REFRIGERACION-LIQUIDA-EVGA-2FAN-CL,COOLING,nuevo,activo,1,1,0,0
Refrigeracion Liquida Gamemax 1 Fan (1 blanca y 1 negra),,,REFRIGERACION-LIQUIDA-GAMEMAX-1-FA,COOLING,nuevo,activo,0,1,0,0
Refrigeracion Liquida Gamemax 2 Fan Iceburg,,,REFRIGERACION-LIQUIDA-GAMEMAX-2-FA,COOLING,nuevo,activo,0,1,0,0
Refrigeracion Liquida Master Tecnology Titan T-360,,,REFRIGERACION-LIQUIDA-MASTER-TECNO,COOLING,nuevo,activo,1,1,0,0
Refrigeracion Liquida Redragon Effects 2 Fan,,,REFRIGERACION-LIQUIDA-REDRAGON-EFF,COOLING,nuevo,activo,1,1,0,0
Router AC 1200,,,ROUTER-AC-1200,ACCESORIOS,nuevo,activo,0,1,0,0
Router Ax1500 Cudy,,,ROUTER-AX1500-CUDY,ACCESORIOS,nuevo,activo,8,1,0,0
Router Ax1500 Mesh,,,ROUTER-AX1500-MESH,ACCESORIOS,nuevo,activo,0,1,0,0
Router Ax3000 Cudy,,,ROUTER-AX3000-CUDY,ACCESORIOS,nuevo,activo,1,1,0,0
Silla Gamer Azul Jemip,,,SILLA-GAMER-AZUL-JEMIP,SILLA GAMER,nuevo,activo,1,1,0,0
Silla Gamer Negra c/rojo Jemip,,,SILLA-GAMER-NEGRA-C-ROJO-JEMIP,SILLA GAMER,nuevo,activo,1,1,0,0
"Tablet Vortex 10""""",,,TABLET-VORTEX-10,TABLET,nuevo,activo,0,1,0,0
"Tableta Grafica 7"""" Huin",,,TABLETA-GRAFICA-7-HUIN,TABLETA,nuevo,activo,0,1,0,0
Teclado (combo completo) T-Wolf TF240 KIT,,,TECLADO-COMBO-COMPLETO-T-WOLF-TF24,TECLADO,nuevo,activo,2,1,0,0
Teclado (combo) MSI mecanico GK300,,,TECLADO-COMBO-MSI-MECANICO-GK300,TECLADO,nuevo,activo,0,1,0,0
Teclado (combo) Redragon mecanico,,,TECLADO-COMBO-REDRAGON-MECANICO,TECLADO,nuevo,activo,0,1,0,0
Teclado (combo) T-wolf TF100 Inal�mbrico,,,TECLADO-COMBO-T-WOLF-TF100-INAL-MB,TECLADO,nuevo,activo,20,1,0,0
Teclado (combo) T-wolf TF200 Luces,,,TECLADO-COMBO-T-WOLF-TF200-LUCES,TECLADO,nuevo,activo,0,1,0,0
Teclado (combo) T-Wolf TF500 Sencillo,,,TECLADO-COMBO-T-WOLF-TF500-SENCILL,TECLADO,nuevo,activo,0,1,0,0
Teclado mecanico RAMPAGE gamemax,,,TECLADO-MECANICO-RAMPAGE-GAMEMAX,TECLADO,nuevo,activo,1,1,0,0
Teclado Bluetooth peque�o,,,TECLADO-BLUETOOTH-PEQUE-O,TECLADO,nuevo,activo,0,1,0,0
Teclado Logitech K230,,,TECLADO-LOGITECH-K230,TECLADO,nuevo,activo,2,1,0,0
Teclado mecanico Fantech K515 Shiraki,,,TECLADO-MECANICO-FANTECH-K515-SHIR,COOLING,nuevo,activo,2,1,0,0
Teclado Numerico individual,,,TECLADO-NUMERICO-INDIVIDUAL,TECLADO,nuevo,activo,5,1,0,0
Teclado Redragon Dragonborn (2B-2N),,,TECLADO-REDRAGON-DRAGONBORN-2B-2N,TECLADO,nuevo,activo,1,1,0,0
Teclado Redragon Fizz Pro,,,TECLADO-REDRAGON-FIZZ-PRO,TECLADO,nuevo,activo,1,1,0,0
Teclado Redragon Fizz RGB Transparente,,,TECLADO-REDRAGON-FIZZ-RGB-TRANSPAR,TECLADO,nuevo,activo,2,1,0,0
Teclado Redragon UCAL PRO,,,TECLADO-REDRAGON-UCAL-PRO,TECLADO,nuevo,activo,4,1,0,0
Teclado Redragon EISA MAX,,,TECLADO-REDRAGON-EISA-MAX,TECLADO,nuevo,activo,1,1,0,0
Teclado Redragon Mitra,,,TECLADO-REDRAGON-MITRA,TECLADO,nuevo,activo,2,1,0,0
Teclado Redragon Star Blade PRO,,,TECLADO-REDRAGON-STAR-BLADE-PRO,TECLADO,nuevo,activo,2,1,0,0
Teclado Redragon B5-8343A,,,TECLADO-REDRAGON-B5-8343A,TECLADO,nuevo,activo,1,1,0,0
Teclado sencillo AST,,,TECLADO-SENCILLO-AST,TECLADO,nuevo,activo,4,1,0,0
Teclado sencillo Delux KA190,,,TECLADO-SENCILLO-DELUX-KA190,TECLADO,nuevo,activo,6,1,0,0
Teclado Onikuma G55,,,TECLADO-ONIKUMA-G55,TECLADO,nuevo,activo,2,1,0,0
Teclado T-wolf (una mano),,,TECLADO-T-WOLF-UNA-MANO,TECLADO,nuevo,activo,0,1,0,0
Teclado T-wolf T15,,,TECLADO-T-WOLF-T15,TECLADO,nuevo,activo,0,1,0,0
Teclado T-wolf T16,,,TECLADO-T-WOLF-T16,TECLADO,nuevo,activo,0,1,0,0
Teclado Genius slum star 126,,,TECLADO-GENIUS-SLUM-STAR-126,TECLADO,nuevo,activo,9,1,0,0
Teclado T-wolf T20,,,TECLADO-T-WOLF-T20,TECLADO,nuevo,activo,7,1,0,0
UPS Bet Pro 1.000VA,,,UPS-BET-PRO-1-000VA,ACCESORIOS,nuevo,activo,0,1,0,0
UPS Logan 0750 VA,,,UPS-LOGAN-0750-VA,ACCESORIOS,nuevo,activo,0,1,0,0
UPS Logan 1.000 VA,,,UPS-LOGAN-1-000-VA,ACCESORIOS,nuevo,activo,0,1,0,0
UPS Logan 1.500 VA,,,UPS-LOGAN-1-500-VA,ACCESORIOS,nuevo,activo,0,1,0,0
UPS Logan 2.200 VA,,,UPS-LOGAN-2-200-VA,ACCESORIOS,nuevo,activo,0,1,0,0
UPS Marshiva 0750 VA,,,UPS-MARSHIVA-0750-VA,ACCESORIOS,nuevo,activo,0,1,0,0
UPS Marshiva 2.000 VA,,,UPS-MARSHIVA-2-000-VA,ACCESORIOS,nuevo,activo,0,1,0,0
UPS Mini Uproducts 8800Mah,,,UPS-MINI-UPRODUCTS-8800MAH,ACCESORIOS,nuevo,activo,0,1,0,0
UPS OPS 1.000 VA,,,UPS-OPS-1-000-VA,ACCESORIOS,nuevo,activo,0,1,0,0
